{
  "type": "FeatureCollection",
  "features": [
    {
      "type": "Feature",
      "properties": {
        "name": "FILIAL MARITUBA",
        "radius_km": 250.0,
        "Legenda_Raio": "Filial",
        "Tipo": "Filial",
        "GrupoRaio": "250km"
      },
      "geometry": {
        "type": "LineString",
        "coordinates": [
          [
            -48.3303289779746,
            0.8819247627143587
          ],
          [
            -48.22002518333564,
            0.879217727185406
          ],
          [
            -48.10998718988155,
            0.8711031538202896
          ],
          [
            -48.00048014800838,
            0.8576006260713982
          ],
          [
            -47.89176790841506,
            0.8387427290347165
          ],
          [
            -47.78411237694412,
            0.8145749686425285
          ],
          [
            -47.677772875015485,
            0.7851556588911035
          ],
          [
            -47.57300550746191,
            0.7505557774578215
          ],
          [
            -47.4700625395278,
            0.710858790158609
          ],
          [
            -47.36919178473631,
            0.666160444789456
          ],
          [
            -47.270636005263405,
            0.616568534984522
          ],
          [
            -47.174632326383595,
            0.5622026348073419
          ],
          [
            -47.08141166647043,
            0.5031938048704201
          ],
          [
            -46.99119818394835,
            0.4396842708516721
          ],
          [
            -46.90420874250128,
            0.3718270753434219
          ],
          [
            -46.82065239574907,
            0.29978570403082966
          ],
          [
            -46.740729892507666,
            0.2237336872515692
          ],
          [
            -46.664633203652755,
            0.14385417803736006
          ],
          [
            -46.592545071512454,
            0.06033950778064626
          ],
          [
            -46.524638582621826,
            -0.026609279293480635
          ],
          [
            -46.46107676458357,
            -0.11678291163879116
          ],
          [
            -46.40201220769466,
            -0.20996439464557967
          ],
          [
            -46.34758671191954,
            -0.30592953238604526
          ],
          [
            -46.29793095971731,
            -0.40444746557215494
          ],
          [
            -46.25316421516361,
            -0.5052812244377595
          ],
          [
            -46.21339404974755,
            -0.6081882952470719
          ],
          [
            -46.178716095171325,
            -0.7129211991246219
          ],
          [
            -46.14921382343315,
            -0.8192280818970347
          ],
          [
            -46.12495835443488,
            -0.9268533136338084
          ],
          [
            -46.106008291321636,
            -1.0355380965722216
          ],
          [
            -46.09240958373288,
            -1.1450210801100946
          ],
          [
            -46.08419541912113,
            -1.2550389815489276
          ],
          [
            -46.08138614227557,
            -1.3653272112685655
          ],
          [
            -46.08398920317143,
            -1.4756205010127432
          ],
          [
            -46.091999133252635,
            -1.5856535339623525
          ],
          [
            -46.10539755024167,
            -1.6951615752699518
          ],
          [
            -46.12415319155807,
            -1.8038811017248615
          ],
          [
            -46.14822197641211,
            -1.9115504292131154
          ],
          [
            -46.177547096623826,
            -2.017910336630808
          ],
          [
            -46.21205913619704,
            -2.1227046849030446
          ],
          [
            -46.25167621965324,
            -2.2256810297541874
          ],
          [
            -46.29630418909986,
            -2.326591226868683
          ],
          [
            -46.34583680997141,
            -2.4251920280758883
          ],
          [
            -46.400156005337834,
            -2.5212456671874803
          ],
          [
            -46.459132118624055,
            -2.6145204341128503
          ],
          [
            -46.52262420452597,
            -2.704791235876734
          ],
          [
            -46.59048034784122,
            -2.7918401431650817
          ],
          [
            -46.66253800985892,
            -2.875456921030208
          ],
          [
            -46.73862440186979,
            -2.955439542395286
          ],
          [
            -46.81855688526904,
            -3.0315946830119445
          ],
          [
            -46.90214339762771,
            -3.1037381965434268
          ],
          [
            -46.98918290400645,
            -3.1716955684702657
          ],
          [
            -47.07946587267858,
            -3.235302347545945
          ],
          [
            -47.172774774318675,
            -3.2944045535670607
          ],
          [
            -47.268884603599915,
            -3.348859060266363
          ],
          [
            -47.36756342202942,
            -3.39853395218788
          ],
          [
            -47.46857292073703,
            -3.4433088544612804
          ],
          [
            -47.57166900182178,
            -3.4830752344576887
          ],
          [
            -47.67660237675228,
            -3.517736674381174
          ],
          [
            -47.783119180214534,
            -3.5472091139289184
          ],
          [
            -47.890961597705434,
            -3.5714210622382487
          ],
          [
            -47.99986850508193,
            -3.590313778429836
          ],
          [
            -48.10957611819863,
            -3.603841420152864
          ],
          [
            -48.21981865069955,
            -3.611971159639264
          ],
          [
            -48.3303289779746,
            -3.6146832668792945
          ],
          [
            -48.44083930524965,
            -3.611971159639264
          ],
          [
            -48.55108183775057,
            -3.603841420152864
          ],
          [
            -48.66078945086728,
            -3.590313778429836
          ],
          [
            -48.76969635824377,
            -3.5714210622382487
          ],
          [
            -48.87753877573467,
            -3.5472091139289184
          ],
          [
            -48.98405557919693,
            -3.517736674381174
          ],
          [
            -49.08898895412741,
            -3.483075234457689
          ],
          [
            -49.192085035212166,
            -3.443308854461281
          ],
          [
            -49.29309453391978,
            -3.3985339521878806
          ],
          [
            -49.39177335234928,
            -3.348859060266363
          ],
          [
            -49.48788318163052,
            -3.2944045535670607
          ],
          [
            -49.581192083270615,
            -3.2353023475459453
          ],
          [
            -49.67147505194275,
            -3.171695568470266
          ],
          [
            -49.758514558321494,
            -3.1037381965434268
          ],
          [
            -49.84210107068016,
            -3.031594683011945
          ],
          [
            -49.92203355407941,
            -2.9554395423952866
          ],
          [
            -49.998119946090284,
            -2.875456921030208
          ],
          [
            -50.07017760810798,
            -2.791840143165083
          ],
          [
            -50.13803375142324,
            -2.704791235876733
          ],
          [
            -50.20152583732514,
            -2.614520434112851
          ],
          [
            -50.26050195061136,
            -2.5212456671874803
          ],
          [
            -50.31482114597779,
            -2.4251920280758883
          ],
          [
            -50.36435376684934,
            -2.3265912268686844
          ],
          [
            -50.408981736295964,
            -2.2256810297541887
          ],
          [
            -50.448598819752156,
            -2.1227046849030446
          ],
          [
            -50.48311085932538,
            -2.017910336630809
          ],
          [
            -50.512435979537095,
            -1.911550429213116
          ],
          [
            -50.536504764391125,
            -1.8038811017248622
          ],
          [
            -50.55526040570753,
            -1.6951615752699534
          ],
          [
            -50.56865882269657,
            -1.5856535339623519
          ],
          [
            -50.57666875277777,
            -1.4756205010127434
          ],
          [
            -50.579271813673635,
            -1.365327211268566
          ],
          [
            -50.576462536828075,
            -1.255038981548929
          ],
          [
            -50.568248372216324,
            -1.1450210801100962
          ],
          [
            -50.55464966462756,
            -1.0355380965722212
          ],
          [
            -50.535699601514324,
            -0.9268533136338086
          ],
          [
            -50.511444132516054,
            -0.8192280818970351
          ],
          [
            -50.48194186077787,
            -0.7129211991246225
          ],
          [
            -50.44726390620165,
            -0.6081882952470729
          ],
          [
            -50.40749374078559,
            -0.5052812244377591
          ],
          [
            -50.362726996231885,
            -0.40444746557215494
          ],
          [
            -50.31307124402966,
            -0.30592953238604564
          ],
          [
            -50.258645748254544,
            -0.20996439464557987
          ],
          [
            -50.19958119136563,
            -0.11678291163879215
          ],
          [
            -50.13601937332738,
            -0.026609279293482026
          ],
          [
            -50.06811288443675,
            0.060339507780646465
          ],
          [
            -49.99602475229645,
            0.14385417803736006
          ],
          [
            -49.91992806344154,
            0.22373368725156878
          ],
          [
            -49.840005560200126,
            0.29978570403082927
          ],
          [
            -49.75644921344792,
            0.37182707534342135
          ],
          [
            -49.669459772000856,
            0.4396842708516721
          ],
          [
            -49.579246289478775,
            0.5031938048704201
          ],
          [
            -49.4860256295656,
            0.5622026348073416
          ],
          [
            -49.3900219506858,
            0.6165685349845217
          ],
          [
            -49.291466171212896,
            0.6661604447894557
          ],
          [
            -49.190595416421395,
            0.7108587901586085
          ],
          [
            -49.0876524484873,
            0.7505557774578215
          ],
          [
            -48.98288508093372,
            0.7851556588911035
          ],
          [
            -48.876545579005075,
            0.8145749686425285
          ],
          [
            -48.76889004753414,
            0.8387427290347161
          ],
          [
            -48.660177807940826,
            0.8576006260713979
          ],
          [
            -48.55067076606765,
            0.8711031538202896
          ],
          [
            -48.440632772613554,
            0.879217727185406
          ],
          [
            -48.3303289779746,
            0.8819247627143587
          ]
        ]
      }
    },
    {
      "type": "Feature",
      "properties": {
        "name": "FILIAL MATRIZ",
        "radius_km": 250.0,
        "Legenda_Raio": "Filial",
        "Tipo": "Filial",
        "GrupoRaio": "250km"
      },
      "geometry": {
        "type": "LineString",
        "coordinates": [
          [
            -44.05150721684723,
            -17.712954296746794
          ],
          [
            -43.93572588077822,
            -17.715625794013395
          ],
          [
            -43.820212672073346,
            -17.723634088382852
          ],
          [
            -43.705235161797965,
            -17.73696060065059
          ],
          [
            -43.59105980918449,
            -17.75557440907451
          ],
          [
            -43.477951407625795,
            -17.779432314693477
          ],
          [
            -43.36617253295566,
            -17.80847893261439
          ],
          [
            -43.255982994770946,
            -17.842646809109944
          ],
          [
            -43.147639291544365,
            -17.881856564325954
          ],
          [
            -43.041394070269625,
            -17.92601706035474
          ],
          [
            -42.93749559137379,
            -17.975025594390107
          ],
          [
            -42.836187199624426,
            -18.028768116639988
          ],
          [
            -42.737706801752836,
            -18.087119472634942
          ],
          [
            -42.64228635150934,
            -18.14994366953446
          ],
          [
            -42.5501513428631,
            -18.217094165998297
          ],
          [
            -42.46152031205811,
            -18.288414185157215
          ],
          [
            -42.376604349238704,
            -18.363737050185588
          ],
          [
            -42.295606620363515,
            -18.442886541948504
          ],
          [
            -42.21872190013601,
            -18.525677278166338
          ],
          [
            -42.146136116693754,
            -18.611915113511724
          ],
          [
            -42.07802590881681,
            -18.70139756002577
          ],
          [
            -42.01455819643917,
            -18.793914227212856
          ],
          [
            -41.95588976527543,
            -18.889247281145234
          ],
          [
            -41.90216686640842,
            -18.987171921880375
          ],
          [
            -41.853524831721344,
            -19.087456878464224
          ],
          [
            -41.81008770610053,
            -19.1898649207628
          ],
          [
            -41.771967897381366,
            -19.29415338733166
          ],
          [
            -41.7392658450592,
            -19.400074728497778
          ],
          [
            -41.712069708838904,
            -19.50737706379089
          ],
          [
            -41.69045507814972,
            -19.615804752820825
          ],
          [
            -41.674484703804985,
            -19.725098978653953
          ],
          [
            -41.66420825303791,
            -19.83499834269497
          ],
          [
            -41.659662089193326,
            -19.94523947002998
          ],
          [
            -41.66086907739943,
            -20.05555762413341
          ],
          [
            -41.667838417581784,
            -20.165687329784156
          ],
          [
            -41.680565506210975,
            -20.275363002976484
          ],
          [
            -41.69903182819586,
            -20.38431958654835
          ],
          [
            -41.72320488034183,
            -20.492293190184665
          ],
          [
            -41.753038127788045,
            -20.59902173338594
          ],
          [
            -41.78847099481594,
            -20.704245589924852
          ],
          [
            -41.8294288913836,
            -20.807708232244565
          ],
          [
            -41.87582327668279,
            -20.909156874184998
          ],
          [
            -41.92755176093879,
            -21.00834311035676
          ],
          [
            -41.98449824657514,
            -21.105023550418963
          ],
          [
            -42.04653310974534,
            -21.1989604464572
          ],
          [
            -42.11351342309167,
            -21.28992231160342
          ],
          [
            -42.18528322042708,
            -21.377684527990958
          ],
          [
            -42.26167380384993,
            -21.46202994209741
          ],
          [
            -42.34250409359423,
            -21.54274944549607
          ],
          [
            -42.42758102069101,
            -21.61964253901524
          ],
          [
            -42.51669996227165,
            -21.692517878294336
          ],
          [
            -42.60964521908265,
            -21.761193798727877
          ],
          [
            -42.70619053450724,
            -21.825498817804057
          ],
          [
            -42.806099654104294,
            -21.885272112874294
          ],
          [
            -42.909126924383514,
            -21.940363972434913
          ],
          [
            -43.015017929240535,
            -21.99063621906192
          ],
          [
            -43.12351016218122,
            -22.035962602215395
          ],
          [
            -43.23433373217463,
            -22.07622915922103
          ],
          [
            -43.347212100693426,
            -22.111334542842766
          ],
          [
            -43.461862847232375,
            -22.14119031398142
          ],
          [
            -43.57799846034572,
            -22.16572119816967
          ],
          [
            -43.695327151014666,
            -22.184865304681974
          ],
          [
            -43.813553684952346,
            -22.19857430723812
          ],
          [
            -43.93238023027795,
            -22.206813585449982
          ],
          [
            -44.05150721684723,
            -22.209562326340446
          ],
          [
            -44.17063420341651,
            -22.206813585449982
          ],
          [
            -44.28946074874211,
            -22.19857430723812
          ],
          [
            -44.407687282679795,
            -22.184865304681974
          ],
          [
            -44.52501597334874,
            -22.16572119816967
          ],
          [
            -44.64115158646208,
            -22.14119031398142
          ],
          [
            -44.755802333001036,
            -22.111334542842766
          ],
          [
            -44.86868070151982,
            -22.07622915922103
          ],
          [
            -44.97950427151324,
            -22.035962602215395
          ],
          [
            -45.08799650445392,
            -21.99063621906192
          ],
          [
            -45.19388750931094,
            -21.940363972434916
          ],
          [
            -45.29691477959017,
            -21.885272112874294
          ],
          [
            -45.39682389918721,
            -21.825498817804057
          ],
          [
            -45.493369214611796,
            -21.761193798727877
          ],
          [
            -45.58631447142281,
            -21.692517878294336
          ],
          [
            -45.675433413003454,
            -21.61964253901524
          ],
          [
            -45.760510340100225,
            -21.54274944549607
          ],
          [
            -45.841340629844524,
            -21.462029942097413
          ],
          [
            -45.91773121326738,
            -21.37768452799096
          ],
          [
            -45.98950101060279,
            -21.28992231160342
          ],
          [
            -46.056481323949114,
            -21.1989604464572
          ],
          [
            -46.11851618711931,
            -21.105023550418963
          ],
          [
            -46.17546267275567,
            -21.00834311035676
          ],
          [
            -46.22719115701167,
            -20.909156874184998
          ],
          [
            -46.273585542310855,
            -20.80770823224457
          ],
          [
            -46.314543438878516,
            -20.704245589924852
          ],
          [
            -46.34997630590641,
            -20.59902173338594
          ],
          [
            -46.37980955335262,
            -20.492293190184665
          ],
          [
            -46.403982605498605,
            -20.38431958654835
          ],
          [
            -46.42244892748348,
            -20.275363002976484
          ],
          [
            -46.43517601611267,
            -20.165687329784156
          ],
          [
            -46.44214535629502,
            -20.05555762413341
          ],
          [
            -46.443352344501136,
            -19.94523947002998
          ],
          [
            -46.43880618065654,
            -19.83499834269497
          ],
          [
            -46.42852972988947,
            -19.725098978653957
          ],
          [
            -46.412559355544744,
            -19.615804752820825
          ],
          [
            -46.39094472485556,
            -19.50737706379089
          ],
          [
            -46.363748588635254,
            -19.400074728497778
          ],
          [
            -46.33104653631309,
            -19.29415338733166
          ],
          [
            -46.29292672759392,
            -19.1898649207628
          ],
          [
            -46.24948960197312,
            -19.087456878464224
          ],
          [
            -46.20084756728603,
            -18.987171921880375
          ],
          [
            -46.14712466841903,
            -18.889247281145234
          ],
          [
            -46.088456237255286,
            -18.793914227212856
          ],
          [
            -46.02498852487764,
            -18.70139756002577
          ],
          [
            -45.9568783170007,
            -18.611915113511728
          ],
          [
            -45.88429253355845,
            -18.525677278166338
          ],
          [
            -45.80740781333094,
            -18.442886541948504
          ],
          [
            -45.72641008445575,
            -18.363737050185588
          ],
          [
            -45.64149412163635,
            -18.28841418515722
          ],
          [
            -45.55286309083136,
            -18.2170941659983
          ],
          [
            -45.46072808218511,
            -18.149943669534455
          ],
          [
            -45.36530763194162,
            -18.087119472634942
          ],
          [
            -45.266827234070036,
            -18.028768116639988
          ],
          [
            -45.165518842320665,
            -17.97502559439011
          ],
          [
            -45.06162036342483,
            -17.92601706035474
          ],
          [
            -44.955375142150096,
            -17.881856564325954
          ],
          [
            -44.84703143892351,
            -17.842646809109944
          ],
          [
            -44.736841900738796,
            -17.80847893261439
          ],
          [
            -44.62506302606866,
            -17.779432314693477
          ],
          [
            -44.51195462450997,
            -17.75557440907451
          ],
          [
            -44.397779271896496,
            -17.73696060065059
          ],
          [
            -44.28280176162111,
            -17.723634088382852
          ],
          [
            -44.16728855291623,
            -17.715625794013395
          ],
          [
            -44.05150721684723,
            -17.712954296746794
          ]
        ]
      }
    },
    {
      "type": "Feature",
      "properties": {
        "name": "FILIAL UBERLÂNDIA",
        "radius_km": 250.0,
        "Legenda_Raio": "Filial",
        "Tipo": "Filial",
        "GrupoRaio": "250km"
      },
      "geometry": {
        "type": "LineString",
        "coordinates": [
          [
            -48.25255357136072,
            -16.64351080593815
          ],
          [
            -48.137438512972324,
            -16.64618447404523
          ],
          [
            -48.02259069390539,
            -16.65419926080533
          ],
          [
            -47.90827679300077,
            -16.667536526801424
          ],
          [
            -47.79476236896302,
            -16.686165250535538
          ],
          [
            -47.68231130235233,
            -16.710042094639377
          ],
          [
            -47.57118524004257,
            -16.739111498399954
          ],
          [
            -47.46164304295752,
            -16.773305796431995
          ],
          [
            -47.353940237889915,
            -16.812545363283007
          ],
          [
            -47.24832847419834,
            -16.85673878371143
          ],
          [
            -47.145054986167615,
            -16.905783048335213
          ],
          [
            -47.04436206180787,
            -16.959563774305877
          ],
          [
            -46.94648651885745,
            -17.017955450623106
          ],
          [
            -46.85165918874607,
            -17.08082170766647
          ],
          [
            -46.76010440926655,
            -17.148015610484403
          ],
          [
            -46.67203952669822,
            -17.219379975345635
          ],
          [
            -46.58767440812182,
            -17.29474770902532
          ],
          [
            -46.50721096466637,
            -17.373942170266428
          ],
          [
            -46.43084268643201,
            -17.456777552826775
          ],
          [
            -46.35875418984132,
            -17.54305928949282
          ],
          [
            -46.291120778184045,
            -17.63258447641295
          ],
          [
            -46.22810801613748,
            -17.725142317075008
          ],
          [
            -46.169871319067056,
            -17.82051458522475
          ],
          [
            -46.11655555793855,
            -17.918476105993793
          ],
          [
            -46.06829468070506,
            -18.01879525447636
          ],
          [
            -46.02521135106776,
            -18.121234470964158
          ],
          [
            -45.9874166055493,
            -18.225550792016747
          ],
          [
            -45.95500952986162,
            -18.331496396511266
          ],
          [
            -45.92807695559524,
            -18.438819165779222
          ],
          [
            -45.90669317830362,
            -18.54726325689953
          ],
          [
            -45.89091969810306,
            -18.656569688175697
          ],
          [
            -45.880804983954015,
            -18.766476935780265
          ],
          [
            -45.87638426283296,
            -18.876721540502395
          ],
          [
            -45.87767933504237,
            -18.987038723483455
          ],
          [
            -45.88469841693983,
            -19.097163009771805
          ],
          [
            -45.8974360123919,
            -19.206828858471162
          ],
          [
            -45.91587281427523,
            -19.315771298197745
          ],
          [
            -45.93997563735119,
            -19.42372656649983
          ],
          [
            -45.96969738383277,
            -19.530432751830205
          ],
          [
            -46.00497704293943,
            -19.635630436598067
          ],
          [
            -46.04573972569626,
            -19.739063339762275
          ],
          [
            -46.09189673617748,
            -19.840478957364265
          ],
          [
            -46.143345680318255,
            -19.93962919933696
          ],
          [
            -46.199970613323416,
            -20.036271020866042
          ],
          [
            -46.26164222658578,
            -20.13016704652471
          ],
          [
            -46.3282180748892,
            -20.221086185351982
          ],
          [
            -46.399542844514066,
            -20.308804235000046
          ],
          [
            -46.47544866268365,
            -20.39310447303908
          ],
          [
            -46.55575544859185,
            -20.47377823347922
          ],
          [
            -46.64027130603541,
            -20.55062546655079
          ],
          [
            -46.7287929574396,
            -20.623455279776014
          ],
          [
            -46.82110621881757,
            -20.692086458369516
          ],
          [
            -46.91698651494174,
            -20.75634796302229
          ],
          [
            -47.0161994337348,
            -20.816079403154095
          ],
          [
            -47.11850131860982,
            -20.871131483764767
          ],
          [
            -47.22363989720897,
            -20.921366424074225
          ],
          [
            -47.33135494470983,
            -20.966658346215848
          ],
          [
            -47.441378979593836,
            -21.006893632337377
          ],
          [
            -47.553437989504026,
            -21.041971248567677
          ],
          [
            -47.66725218456588,
            -21.071803034426207
          ],
          [
            -47.782536775307165,
            -21.09631395638383
          ],
          [
            -47.899002772095656,
            -21.115442324428177
          ],
          [
            -48.01635780282013,
            -21.129139970642445
          ],
          [
            -48.13430694537356,
            -21.137372388972594
          ],
          [
            -48.25255357136072,
            -21.140118835531805
          ],
          [
            -48.37080019734788,
            -21.137372388972594
          ],
          [
            -48.48874933990131,
            -21.129139970642445
          ],
          [
            -48.606104370625786,
            -21.115442324428177
          ],
          [
            -48.72257036741428,
            -21.09631395638383
          ],
          [
            -48.83785495815556,
            -21.071803034426207
          ],
          [
            -48.951669153217416,
            -21.04197124856768
          ],
          [
            -49.06372816312761,
            -21.006893632337377
          ],
          [
            -49.17375219801161,
            -20.966658346215848
          ],
          [
            -49.281467245512474,
            -20.921366424074225
          ],
          [
            -49.38660582411162,
            -20.871131483764767
          ],
          [
            -49.488907708986645,
            -20.816079403154095
          ],
          [
            -49.5881206277797,
            -20.75634796302229
          ],
          [
            -49.684000923903874,
            -20.692086458369523
          ],
          [
            -49.77631418528184,
            -20.623455279776014
          ],
          [
            -49.864835836686034,
            -20.55062546655079
          ],
          [
            -49.94935169412959,
            -20.47377823347922
          ],
          [
            -50.029658480037796,
            -20.39310447303908
          ],
          [
            -50.105564298207376,
            -20.308804235000046
          ],
          [
            -50.17688906783224,
            -20.22108618535198
          ],
          [
            -50.243464916135665,
            -20.13016704652471
          ],
          [
            -50.30513652939803,
            -20.036271020866042
          ],
          [
            -50.36176146240319,
            -19.93962919933696
          ],
          [
            -50.41321040654395,
            -19.840478957364265
          ],
          [
            -50.459367417025184,
            -19.739063339762275
          ],
          [
            -50.50013009978201,
            -19.635630436598067
          ],
          [
            -50.535409758888676,
            -19.530432751830205
          ],
          [
            -50.56513150537025,
            -19.42372656649983
          ],
          [
            -50.58923432844621,
            -19.31577129819775
          ],
          [
            -50.60767113032954,
            -19.206828858471162
          ],
          [
            -50.620408725781616,
            -19.097163009771805
          ],
          [
            -50.62742780767907,
            -18.987038723483455
          ],
          [
            -50.628722879888485,
            -18.876721540502395
          ],
          [
            -50.62430215876743,
            -18.766476935780265
          ],
          [
            -50.61418744461838,
            -18.656569688175697
          ],
          [
            -50.59841396441782,
            -18.54726325689953
          ],
          [
            -50.577030187126205,
            -18.438819165779222
          ],
          [
            -50.55009761285982,
            -18.33149639651127
          ],
          [
            -50.51769053717214,
            -18.225550792016747
          ],
          [
            -50.47989579165368,
            -18.121234470964158
          ],
          [
            -50.436812462016384,
            -18.01879525447636
          ],
          [
            -50.388551584782896,
            -17.918476105993793
          ],
          [
            -50.335235823654386,
            -17.82051458522475
          ],
          [
            -50.27699912658396,
            -17.725142317075008
          ],
          [
            -50.2139863645374,
            -17.63258447641295
          ],
          [
            -50.14635295288012,
            -17.543059289492824
          ],
          [
            -50.074264456289434,
            -17.456777552826775
          ],
          [
            -49.99789617805507,
            -17.373942170266428
          ],
          [
            -49.91743273459962,
            -17.29474770902532
          ],
          [
            -49.83306761602323,
            -17.219379975345635
          ],
          [
            -49.74500273345489,
            -17.148015610484403
          ],
          [
            -49.65344795397537,
            -17.08082170766647
          ],
          [
            -49.558620623863995,
            -17.017955450623106
          ],
          [
            -49.460745080913576,
            -16.959563774305877
          ],
          [
            -49.36005215655383,
            -16.905783048335213
          ],
          [
            -49.256778668523104,
            -16.85673878371143
          ],
          [
            -49.151166904831534,
            -16.812545363283007
          ],
          [
            -49.04346409976392,
            -16.773305796431995
          ],
          [
            -48.933921902678875,
            -16.739111498399954
          ],
          [
            -48.82279584036911,
            -16.710042094639377
          ],
          [
            -48.71034477375842,
            -16.686165250535538
          ],
          [
            -48.59683034972067,
            -16.667536526801424
          ],
          [
            -48.48251644881606,
            -16.65419926080533
          ],
          [
            -48.36766862974912,
            -16.64618447404523
          ],
          [
            -48.25255357136072,
            -16.64351080593815
          ]
        ]
      }
    },
    {
      "type": "Feature",
      "properties": {
        "name": "FILIAL MONTES CLAROS",
        "radius_km": 250.0,
        "Legenda_Raio": "Filial",
        "Tipo": "Filial",
        "GrupoRaio": "250km"
      },
      "geometry": {
        "type": "LineString",
        "coordinates": [
          [
            -43.84245509234445,
            -14.469920665221535
          ],
          [
            -43.7285497527744,
            -14.472598673174398
          ],
          [
            -43.614910141807805,
            -14.480626439079495
          ],
          [
            -43.501801418731326,
            -14.493985202706678
          ],
          [
            -43.38948760514549,
            -14.512643742412672
          ],
          [
            -43.27823101848711,
            -14.536558443155839
          ],
          [
            -43.16829170838143,
            -14.565673391526062
          ],
          [
            -43.05992689675294,
            -14.599920497600433
          ],
          [
            -42.95339042261188,
            -14.63921964338338
          ],
          [
            -42.84893219241992,
            -14.683478857539308
          ],
          [
            -42.74679763692245,
            -14.73259451607703
          ],
          [
            -42.64722717531868,
            -14.786451568598137
          ],
          [
            -42.550455687623135,
            -14.844923789676894
          ],
          [
            -42.4567119960549,
            -14.907874054896295
          ],
          [
            -42.36621835627483,
            -14.975154641024618
          ],
          [
            -42.27918995927553,
            -15.046607549778548
          ],
          [
            -42.19583444471593,
            -15.12206485458273
          ],
          [
            -42.11635142648223,
            -15.201349069701678
          ],
          [
            -42.04093203124942,
            -15.284273541087495
          ],
          [
            -41.96975845081441,
            -15.370642858256316
          ],
          [
            -41.90300350897252,
            -15.460253286476714
          ],
          [
            -41.84083024371399,
            -15.552893218525195
          ],
          [
            -41.78339150552699,
            -15.648343645235611
          ],
          [
            -41.730829572607895,
            -15.746378644041968
          ],
          [
            -41.68327578379838,
            -15.846765884686082
          ],
          [
            -41.640850190092024,
            -15.949267151233034
          ],
          [
            -41.60366122558005,
            -16.053638879507975
          ],
          [
            -41.57180539873596,
            -16.15963270903686
          ],
          [
            -41.54536700497168,
            -16.266996048541067
          ],
          [
            -41.52441786143203,
            -16.37547265400117
          ],
          [
            -41.50901706502921,
            -16.484803218268073
          ],
          [
            -41.49921077475343,
            -16.594725971160166
          ],
          [
            -41.49503201932758,
            -16.704977288942914
          ],
          [
            -41.496500531303155,
            -16.815292312042498
          ],
          [
            -41.50362260871796,
            -16.925405569797444
          ],
          [
            -41.516391005453656,
            -17.03505161100228
          ],
          [
            -41.53478485144005,
            -17.143965638945023
          ],
          [
            -41.558769603852205,
            -17.251884149586154
          ],
          [
            -41.58829703043403,
            -17.358545571471367
          ],
          [
            -41.623305226056786,
            -17.463690905914106
          ],
          [
            -41.66371866358111,
            -17.567064365927568
          ],
          [
            -41.709448280035375,
            -17.66841401233027
          ],
          [
            -41.76039159905128,
            -17.7674923853953
          ],
          [
            -41.81643289040709,
            -17.8640571303617
          ],
          [
            -41.87744336742055,
            -17.957871615078947
          ],
          [
            -41.943281422806706,
            -18.0487055380118
          ],
          [
            -42.01379290346983,
            -18.13633552479598
          ],
          [
            -42.088811424534676,
            -18.220545711504084
          ],
          [
            -42.16815872274093,
            -18.3011283127592
          ],
          [
            -42.2516450491263,
            -18.37788417282007
          ],
          [
            -42.339069600711056,
            -18.45062329775866
          ],
          [
            -42.4302209906703,
            -18.519165366858758
          ],
          [
            -42.52487775624361,
            -18.58334022138429
          ],
          [
            -42.62280890338593,
            -18.64298832889819
          ],
          [
            -42.72377448691292,
            -18.697961221358568
          ],
          [
            -42.827526224641055,
            -18.74812190527775
          ],
          [
            -42.933808143769795,
            -18.793345242302895
          ],
          [
            -43.042357257506254,
            -18.833518298663222
          ],
          [
            -43.15290426969216,
            -18.868540662028902
          ],
          [
            -43.26517430496517,
            -18.898324724439796
          ],
          [
            -43.37888766177298,
            -18.922795930087528
          ],
          [
            -43.493760585363745,
            -18.941892986871085
          ],
          [
            -43.609506057702944,
            -18.955568040793676
          ],
          [
            -43.72583460111736,
            -18.963786812424715
          ],
          [
            -43.84245509234445,
            -18.966528694815185
          ],
          [
            -43.95907558357154,
            -18.963786812424715
          ],
          [
            -44.07540412698596,
            -18.955568040793676
          ],
          [
            -44.19114959932516,
            -18.941892986871085
          ],
          [
            -44.30602252291592,
            -18.922795930087528
          ],
          [
            -44.419735879723724,
            -18.898324724439796
          ],
          [
            -44.53200591499674,
            -18.868540662028902
          ],
          [
            -44.64255292718264,
            -18.833518298663225
          ],
          [
            -44.7511020409191,
            -18.793345242302895
          ],
          [
            -44.85738396004785,
            -18.74812190527775
          ],
          [
            -44.96113569777597,
            -18.697961221358568
          ],
          [
            -45.06210128130297,
            -18.64298832889819
          ],
          [
            -45.160032428445284,
            -18.58334022138429
          ],
          [
            -45.2546891940186,
            -18.519165366858758
          ],
          [
            -45.34584058397785,
            -18.45062329775866
          ],
          [
            -45.43326513556259,
            -18.377884172820075
          ],
          [
            -45.51675146194797,
            -18.3011283127592
          ],
          [
            -45.59609876015422,
            -18.220545711504084
          ],
          [
            -45.67111728121907,
            -18.13633552479598
          ],
          [
            -45.7416287618822,
            -18.0487055380118
          ],
          [
            -45.807466817268356,
            -17.957871615078947
          ],
          [
            -45.86847729428181,
            -17.8640571303617
          ],
          [
            -45.924518585637614,
            -17.7674923853953
          ],
          [
            -45.97546190465353,
            -17.66841401233027
          ],
          [
            -46.021191521107795,
            -17.567064365927568
          ],
          [
            -46.06160495863211,
            -17.463690905914106
          ],
          [
            -46.096613154254875,
            -17.358545571471367
          ],
          [
            -46.12614058083669,
            -17.251884149586154
          ],
          [
            -46.150125333248845,
            -17.143965638945023
          ],
          [
            -46.16851917923524,
            -17.03505161100228
          ],
          [
            -46.181287575970934,
            -16.92540556979744
          ],
          [
            -46.18840965338574,
            -16.815292312042498
          ],
          [
            -46.189878165361314,
            -16.704977288942914
          ],
          [
            -46.185699409935474,
            -16.594725971160166
          ],
          [
            -46.17589311965968,
            -16.484803218268077
          ],
          [
            -46.160492323256875,
            -16.37547265400117
          ],
          [
            -46.139543179717215,
            -16.266996048541067
          ],
          [
            -46.11310478595294,
            -16.15963270903686
          ],
          [
            -46.08124895910885,
            -16.053638879507975
          ],
          [
            -46.04405999459688,
            -15.949267151233034
          ],
          [
            -46.001634400890524,
            -15.846765884686082
          ],
          [
            -45.95408061208101,
            -15.746378644041968
          ],
          [
            -45.9015186791619,
            -15.648343645235611
          ],
          [
            -45.84407994097491,
            -15.552893218525195
          ],
          [
            -45.78190667571638,
            -15.460253286476714
          ],
          [
            -45.71515173387449,
            -15.370642858256316
          ],
          [
            -45.64397815343948,
            -15.284273541087495
          ],
          [
            -45.56855875820667,
            -15.201349069701678
          ],
          [
            -45.48907573997297,
            -15.12206485458273
          ],
          [
            -45.405720225413376,
            -15.04660754977855
          ],
          [
            -45.31869182841407,
            -14.975154641024622
          ],
          [
            -45.228198188634,
            -14.907874054896295
          ],
          [
            -45.13445449706576,
            -14.844923789676894
          ],
          [
            -45.03768300937021,
            -14.786451568598137
          ],
          [
            -44.93811254776645,
            -14.73259451607703
          ],
          [
            -44.83597799226898,
            -14.68347885753931
          ],
          [
            -44.73151976207701,
            -14.63921964338338
          ],
          [
            -44.62498328793596,
            -14.599920497600433
          ],
          [
            -44.51661847630747,
            -14.565673391526062
          ],
          [
            -44.40667916620179,
            -14.536558443155839
          ],
          [
            -44.29542257954341,
            -14.512643742412672
          ],
          [
            -44.18310876595758,
            -14.493985202706678
          ],
          [
            -44.07000004288109,
            -14.480626439079495
          ],
          [
            -43.956360431914504,
            -14.472598673174398
          ],
          [
            -43.84245509234445,
            -14.469920665221535
          ]
        ]
      }
    },
    {
      "type": "Feature",
      "properties": {
        "name": "FILIAL VITÓRIA DA CONQUISTA",
        "radius_km": 250.0,
        "Legenda_Raio": "Filial",
        "Tipo": "Filial",
        "GrupoRaio": "250km"
      },
      "geometry": {
        "type": "LineString",
        "coordinates": [
          [
            -40.8511741979652,
            -12.625237006264513
          ],
          [
            -40.738149355373245,
            -12.627918630725626
          ],
          [
            -40.62538926240081,
            -12.635957212344698
          ],
          [
            -40.51315809145154,
            -12.649333889766803
          ],
          [
            -40.40171886154933,
            -12.668017273829973
          ],
          [
            -40.29133286427429,
            -12.691963517104524
          ],
          [
            -40.18225909283847,
            -12.721116411038784
          ],
          [
            -40.07475367532945,
            -12.755407510503536
          ],
          [
            -39.9690693131346,
            -12.79475628547048
          ],
          [
            -39.865454725541106,
            -12.839070299504659
          ],
          [
            -39.76415410148549,
            -12.888245414697383
          ],
          [
            -39.66540655940452,
            -12.942166022614996
          ],
          [
            -39.569445616115324,
            -13.000705300789972
          ],
          [
            -39.476498665628,
            -13.063725494234541
          ],
          [
            -39.386786468770275,
            -13.131078221413294
          ],
          [
            -39.300522654479884,
            -13.20260480407008
          ],
          [
            -39.21791323359902,
            -13.278136620265972
          ],
          [
            -39.139156125985195,
            -13.357495479948838
          ],
          [
            -39.0644407017366,
            -13.440494022341214
          ],
          [
            -38.99394733731625,
            -13.526936134401316
          ],
          [
            -38.927846987350115,
            -13.616617389581764
          ],
          [
            -38.86630077286893,
            -13.709325506082122
          ],
          [
            -38.809459586762564,
            -13.804840823763444
          ],
          [
            -38.757463717219736,
            -13.902936798866248
          ],
          [
            -38.710442489933776,
            -14.003380515646555
          ],
          [
            -38.668513929867856,
            -14.105933214017771
          ],
          [
            -38.631784443389556,
            -14.210350832258841
          ],
          [
            -38.600348521604396,
            -14.316384563820765
          ],
          [
            -38.57428846574068,
            -14.423781427233864
          ],
          [
            -38.55367413546266,
            -14.532284848086993
          ],
          [
            -38.538562721014415,
            -14.64163525201668
          ],
          [
            -38.52899854012218,
            -14.751570667608787
          ],
          [
            -38.525012860606914,
            -14.861827338077902
          ],
          [
            -38.52662374967983,
            -14.972140340549574
          ],
          [
            -38.53383595091079,
            -15.082244211728469
          ],
          [
            -38.54664078987044,
            -15.191873578691084
          ],
          [
            -38.565016109451115,
            -15.300763793495431
          ],
          [
            -38.588926235866914,
            -15.408651570252086
          ],
          [
            -38.618321976317844,
            -15.515275623252009
          ],
          [
            -38.653140649276885,
            -15.620377304696808
          ],
          [
            -38.69330614831846,
            -15.723701240527252
          ],
          [
            -38.73872904035336,
            -15.824995962797098
          ],
          [
            -38.78930669906562,
            -15.924014536991633
          ],
          [
            -38.84492347426178,
            -16.02051518264551
          ],
          [
            -38.90545089774133,
            -16.114261885572844
          ],
          [
            -38.970747926177985,
            -16.205024999985444
          ],
          [
            -39.04066122136636,
            -16.292581838743356
          ],
          [
            -39.11502546803626,
            -16.376717249956783
          ],
          [
            -39.19366372926867,
            -16.457224178140784
          ],
          [
            -39.276387839365206,
            -16.533904208115064
          ],
          [
            -39.36299883382588,
            -16.606568089841762
          ],
          [
            -39.453287415882464,
            -16.6750362424046
          ],
          [
            -39.54703445881666,
            -16.73913923535493
          ],
          [
            -39.644011543067194,
            -16.798718245683702
          ],
          [
            -39.743981526899944,
            -16.853625488724305
          ],
          [
            -39.84669914918341,
            -16.90372462134981
          ],
          [
            -39.95191166258074,
            -16.948891115899166
          ],
          [
            -40.059359495243264,
            -16.98901260335117
          ],
          [
            -40.16877693887099,
            -17.02398918436125
          ],
          [
            -40.27989286079725,
            -17.053733706884774
          ],
          [
            -40.39243143755975,
            -17.078172009230663
          ],
          [
            -40.506112907242674,
            -17.097243127519636
          ],
          [
            -40.62065433771586,
            -17.11089946666177
          ],
          [
            -40.73577040776128,
            -17.119106934117042
          ],
          [
            -40.8511741979652,
            -17.12184503585817
          ],
          [
            -40.96657798816912,
            -17.119106934117042
          ],
          [
            -41.08169405821453,
            -17.11089946666177
          ],
          [
            -41.19623548868772,
            -17.097243127519636
          ],
          [
            -41.30991695837065,
            -17.078172009230663
          ],
          [
            -41.42245553513315,
            -17.053733706884774
          ],
          [
            -41.5335714570594,
            -17.02398918436125
          ],
          [
            -41.642988900687136,
            -16.98901260335117
          ],
          [
            -41.75043673334966,
            -16.948891115899166
          ],
          [
            -41.85564924674699,
            -16.90372462134981
          ],
          [
            -41.958366869030456,
            -16.853625488724305
          ],
          [
            -42.058336852863206,
            -16.798718245683702
          ],
          [
            -42.15531393711373,
            -16.73913923535493
          ],
          [
            -42.249060980047936,
            -16.6750362424046
          ],
          [
            -42.33934956210452,
            -16.606568089841762
          ],
          [
            -42.425960556565194,
            -16.533904208115064
          ],
          [
            -42.50868466666173,
            -16.457224178140784
          ],
          [
            -42.587322927894135,
            -16.376717249956783
          ],
          [
            -42.66168717456404,
            -16.292581838743356
          ],
          [
            -42.731600469752415,
            -16.205024999985444
          ],
          [
            -42.79689749818907,
            -16.114261885572844
          ],
          [
            -42.85742492166862,
            -16.02051518264551
          ],
          [
            -42.913041696864774,
            -15.924014536991633
          ],
          [
            -42.96361935557703,
            -15.824995962797098
          ],
          [
            -43.00904224761193,
            -15.723701240527252
          ],
          [
            -43.049207746653515,
            -15.620377304696808
          ],
          [
            -43.08402641961255,
            -15.515275623252009
          ],
          [
            -43.113422160063486,
            -15.408651570252086
          ],
          [
            -43.137332286479285,
            -15.300763793495431
          ],
          [
            -43.15570760605996,
            -15.191873578691085
          ],
          [
            -43.1685124450196,
            -15.082244211728469
          ],
          [
            -43.17572464625057,
            -14.972140340549574
          ],
          [
            -43.177335535323486,
            -14.861827338077902
          ],
          [
            -43.17334985580822,
            -14.751570667608787
          ],
          [
            -43.163785674915985,
            -14.64163525201668
          ],
          [
            -43.14867426046774,
            -14.532284848086993
          ],
          [
            -43.12805993018972,
            -14.423781427233864
          ],
          [
            -43.101999874326005,
            -14.316384563820767
          ],
          [
            -43.07056395254084,
            -14.210350832258843
          ],
          [
            -43.033834466062544,
            -14.105933214017773
          ],
          [
            -42.991905905996624,
            -14.003380515646555
          ],
          [
            -42.944884678710665,
            -13.902936798866248
          ],
          [
            -42.892888809167836,
            -13.804840823763444
          ],
          [
            -42.83604762306147,
            -13.709325506082122
          ],
          [
            -42.774501408580285,
            -13.616617389581764
          ],
          [
            -42.70840105861415,
            -13.526936134401318
          ],
          [
            -42.6379076941938,
            -13.440494022341214
          ],
          [
            -42.563192269945205,
            -13.357495479948838
          ],
          [
            -42.48443516233138,
            -13.278136620265972
          ],
          [
            -42.40182574145051,
            -13.20260480407008
          ],
          [
            -42.31556192716013,
            -13.131078221413294
          ],
          [
            -42.2258497303024,
            -13.063725494234541
          ],
          [
            -42.132902779815076,
            -13.000705300789972
          ],
          [
            -42.03694183652588,
            -12.942166022614996
          ],
          [
            -41.938194294444905,
            -12.888245414697383
          ],
          [
            -41.836893670389294,
            -12.83907029950466
          ],
          [
            -41.7332790827958,
            -12.794756285470482
          ],
          [
            -41.62759472060095,
            -12.755407510503536
          ],
          [
            -41.52008930309193,
            -12.721116411038784
          ],
          [
            -41.41101553165611,
            -12.691963517104524
          ],
          [
            -41.30062953438107,
            -12.668017273829973
          ],
          [
            -41.18919030447886,
            -12.649333889766803
          ],
          [
            -41.07695913352959,
            -12.635957212344698
          ],
          [
            -40.964199040557155,
            -12.627918630725626
          ],
          [
            -40.8511741979652,
            -12.625237006264513
          ]
        ]
      }
    },
    {
      "type": "Feature",
      "properties": {
        "name": "FILIAL RIO VERDE",
        "radius_km": 250.0,
        "Legenda_Raio": "Filial",
        "Tipo": "Filial",
        "GrupoRaio": "250km"
      },
      "geometry": {
        "type": "LineString",
        "coordinates": [
          [
            -50.9344711751077,
            -15.567427067346626
          ],
          [
            -50.81997880790506,
            -15.570102895453967
          ],
          [
            -50.70575288327881,
            -15.578124142135678
          ],
          [
            -50.592059279009725,
            -15.59147210791763
          ],
          [
            -50.47916274417286,
            -15.610115671806517
          ],
          [
            -50.36732633699589,
            -15.634011358395014
          ],
          [
            -50.25681086536349,
            -15.663103431629043
          ],
          [
            -50.147874330837745,
            -15.697324015058694
          ],
          [
            -50.04077137705477,
            -15.736593238345108
          ],
          [
            -49.93575274334648,
            -15.780819409747938
          ],
          [
            -49.83306472442353,
            -15.829899214271808
          ],
          [
            -49.732948636942325,
            -15.883717937105825
          ],
          [
            -49.6356402937652,
            -15.942149711947646
          ],
          [
            -49.54136948670997,
            -16.005057793763143
          ],
          [
            -49.45035947857304,
            -16.0722948554942
          ],
          [
            -49.36282650519993,
            -16.143703308190616
          ],
          [
            -49.27897928836929,
            -16.21911564400761
          ],
          [
            -49.19901856025137,
            -16.298354801477434
          ],
          [
            -49.12313660020058,
            -16.38123455243241
          ],
          [
            -49.05151678464407,
            -16.467559909926713
          ],
          [
            -48.98433315083493,
            -16.557127556475248
          ],
          [
            -48.92174997525002,
            -16.64972629189977
          ],
          [
            -48.86392136742838,
            -16.74513750004436
          ],
          [
            -48.810990880066676,
            -16.843135633594386
          ],
          [
            -48.76309113621363,
            -16.94348871620465
          ],
          [
            -48.720343474434834,
            -17.04595886111293
          ],
          [
            -48.68285761285254,
            -17.150302805384502
          ],
          [
            -48.65073133300183,
            -17.256272458900952
          ],
          [
            -48.62405018448334,
            -17.363615467172128
          ],
          [
            -48.60288721143321,
            -17.472075787013452
          ],
          [
            -48.58730270187164,
            -17.581394274091547
          ],
          [
            -48.57734396103122,
            -17.69130928129905
          ],
          [
            -48.573045109803886,
            -17.80155726687456
          ],
          [
            -48.57442690947885,
            -17.91187341113577
          ],
          [
            -48.58149661397222,
            -18.02199224064321
          ],
          [
            -48.59424785077009,
            -18.1316482585586
          ],
          [
            -48.612660531819365,
            -18.24057657990592
          ],
          [
            -48.636700795602344,
            -18.348513570385755
          ],
          [
            -48.66632098162054,
            -18.4551974873339
          ],
          [
            -48.70145963848922,
            -18.560369121355258
          ],
          [
            -48.74204156680453,
            -18.663772437103493
          ],
          [
            -48.78797789788864,
            -18.765155211617486
          ],
          [
            -48.83916620944446,
            -18.864269668567335
          ],
          [
            -48.895490679058526,
            -18.96087310670724
          ],
          [
            -48.95682227637824,
            -19.054728520780998
          ],
          [
            -49.02301899465768,
            -19.145605213078564
          ],
          [
            -49.09392612221413,
            -19.233279393801464
          ],
          [
            -49.16937655416636,
            -19.317534768360886
          ],
          [
            -49.24919114463561,
            -19.398163109706857
          ],
          [
            -49.33317909938249,
            -19.474964813770917
          ],
          [
            -49.42113840863005,
            -19.547749436099288
          ],
          [
            -49.51285631958527,
            -19.61633620775956
          ],
          [
            -49.608109847922414,
            -19.680554528622473
          ],
          [
            -49.706666327233435,
            -19.740244436151976
          ],
          [
            -49.80828399518665,
            -19.79525704788203
          ],
          [
            -49.91271261486821,
            -19.84545497581814
          ],
          [
            -50.01969412951492,
            -19.890712711075412
          ],
          [
            -50.12896334858589,
            -19.930916977152783
          ],
          [
            -50.240248662867444,
            -19.965967050345466
          ],
          [
            -50.35327278606452,
            -19.995775045913142
          ],
          [
            -50.4677535201071,
            -20.02026616875021
          ],
          [
            -50.5834045411938,
            -20.039378927444943
          ],
          [
            -50.69993620341177,
            -20.05306531076604
          ],
          [
            -50.81705635661425,
            -20.061290925776028
          ],
          [
            -50.9344711751077,
            -20.06403509694028
          ],
          [
            -51.05188599360116,
            -20.061290925776028
          ],
          [
            -51.16900614680364,
            -20.05306531076604
          ],
          [
            -51.285537809021605,
            -20.039378927444943
          ],
          [
            -51.4011888301083,
            -20.02026616875021
          ],
          [
            -51.51566956415089,
            -19.995775045913142
          ],
          [
            -51.62869368734797,
            -19.965967050345466
          ],
          [
            -51.739979001629514,
            -19.930916977152783
          ],
          [
            -51.84924822070049,
            -19.890712711075412
          ],
          [
            -51.95622973534719,
            -19.84545497581814
          ],
          [
            -52.06065835502876,
            -19.79525704788203
          ],
          [
            -52.16227602298197,
            -19.740244436151976
          ],
          [
            -52.26083250229299,
            -19.680554528622473
          ],
          [
            -52.35608603063014,
            -19.61633620775956
          ],
          [
            -52.447803941585356,
            -19.54774943609929
          ],
          [
            -52.535763250832915,
            -19.474964813770917
          ],
          [
            -52.619751205579796,
            -19.398163109706857
          ],
          [
            -52.69956579604904,
            -19.317534768360886
          ],
          [
            -52.77501622800128,
            -19.233279393801464
          ],
          [
            -52.84592335555772,
            -19.145605213078564
          ],
          [
            -52.912120073837166,
            -19.054728520780998
          ],
          [
            -52.97345167115689,
            -18.96087310670724
          ],
          [
            -53.02977614077095,
            -18.864269668567335
          ],
          [
            -53.08096445232677,
            -18.76515521161749
          ],
          [
            -53.126900783410875,
            -18.663772437103493
          ],
          [
            -53.16748271172619,
            -18.560369121355258
          ],
          [
            -53.20262136859487,
            -18.4551974873339
          ],
          [
            -53.23224155461306,
            -18.348513570385755
          ],
          [
            -53.25628181839604,
            -18.24057657990592
          ],
          [
            -53.27469449944532,
            -18.131648258558602
          ],
          [
            -53.287445736243185,
            -18.02199224064321
          ],
          [
            -53.294515440736554,
            -17.91187341113577
          ],
          [
            -53.29589724041152,
            -17.80155726687456
          ],
          [
            -53.29159838918419,
            -17.691309281299052
          ],
          [
            -53.28163964834376,
            -17.581394274091547
          ],
          [
            -53.26605513878219,
            -17.472075787013452
          ],
          [
            -53.24489216573207,
            -17.363615467172128
          ],
          [
            -53.21821101721358,
            -17.256272458900952
          ],
          [
            -53.18608473736287,
            -17.150302805384502
          ],
          [
            -53.14859887578057,
            -17.04595886111293
          ],
          [
            -53.105851214001774,
            -16.94348871620465
          ],
          [
            -53.05795147014873,
            -16.843135633594386
          ],
          [
            -53.00502098278702,
            -16.74513750004436
          ],
          [
            -52.94719237496539,
            -16.64972629189977
          ],
          [
            -52.88460919938048,
            -16.557127556475248
          ],
          [
            -52.817425565571334,
            -16.467559909926713
          ],
          [
            -52.745805750014824,
            -16.38123455243241
          ],
          [
            -52.66992378996404,
            -16.298354801477434
          ],
          [
            -52.58996306184611,
            -16.21911564400761
          ],
          [
            -52.50611584501547,
            -16.143703308190616
          ],
          [
            -52.418582871642364,
            -16.0722948554942
          ],
          [
            -52.32757286350544,
            -16.005057793763143
          ],
          [
            -52.233302056450206,
            -15.942149711947646
          ],
          [
            -52.13599371327308,
            -15.883717937105825
          ],
          [
            -52.035877625791876,
            -15.829899214271808
          ],
          [
            -51.93318960686893,
            -15.780819409747938
          ],
          [
            -51.828170973160645,
            -15.736593238345108
          ],
          [
            -51.72106801937766,
            -15.697324015058694
          ],
          [
            -51.612131484851915,
            -15.663103431629043
          ],
          [
            -51.50161601321952,
            -15.634011358395014
          ],
          [
            -51.389779606042545,
            -15.610115671806517
          ],
          [
            -51.27688307120568,
            -15.59147210791763
          ],
          [
            -51.16318946693659,
            -15.578124142135678
          ],
          [
            -51.04896354231035,
            -15.570102895453967
          ],
          [
            -50.9344711751077,
            -15.567427067346626
          ]
        ]
      }
    },
    {
      "type": "Feature",
      "properties": {
        "name": "FILIAL BALSAS",
        "radius_km": 250.0,
        "Legenda_Raio": "Filial",
        "Tipo": "Filial",
        "GrupoRaio": "250km"
      },
      "geometry": {
        "type": "LineString",
        "coordinates": [
          [
            -46.034412984646835,
            -5.264937463562802
          ],
          [
            -45.923654411734724,
            -5.26763308313078
          ],
          [
            -45.81315937476496,
            -5.275713517933212
          ],
          [
            -45.703190796350704,
            -5.289159511431449
          ],
          [
            -45.59401037393051,
            -5.307939019905963
          ],
          [
            -45.48587797088226,
            -5.332007288079603
          ],
          [
            -45.37905101205619,
            -5.36130695470304
          ],
          [
            -45.27378388516296,
            -5.3957681878178825
          ],
          [
            -45.17032734942213,
            -5.435308849335109
          ],
          [
            -45.0689279528387,
            -5.479834688491422
          ],
          [
            -44.96982745943265,
            -5.5292395636738805
          ],
          [
            -44.873262287697386,
            -5.58340569203459
          ],
          [
            -44.77946296151106,
            -5.642203926252275
          ],
          [
            -44.68865357466867,
            -5.705494057736778
          ],
          [
            -44.60105127014483,
            -5.773125145515881
          ],
          [
            -44.51686573513799,
            -5.844935869991658
          ],
          [
            -44.43629871288731,
            -5.920754910705666
          ],
          [
            -44.35954353219472,
            -6.00040134720879
          ],
          [
            -44.28678465552772,
            -6.083685082092178
          ],
          [
            -44.21819724652391,
            -6.17040728520042
          ],
          [
            -44.153946757667185,
            -6.260360858016487
          ],
          [
            -44.09418853885817,
            -6.353330917179821
          ],
          [
            -44.03906746755879,
            -6.449095296073722
          ],
          [
            -43.988717601153056,
            -6.547425063395764
          ],
          [
            -43.94326185213323,
            -6.648085057604508
          ],
          [
            -43.902811686692814,
            -6.7508344361172545
          ],
          [
            -43.8674668472855,
            -6.855427238116122
          ],
          [
            -43.837315099691125,
            -6.961612959803204
          ],
          [
            -43.81243200511657,
            -7.069137140929344
          ],
          [
            -43.79288071784976,
            -7.17774196140476
          ],
          [
            -43.77871180897858,
            -7.287166846783148
          ],
          [
            -43.769963116682405,
            -7.397149081393411
          ],
          [
            -43.76665962360092,
            -7.507424427874922
          ],
          [
            -43.76881336178219,
            -7.61772775185257
          ],
          [
            -43.7764233457085,
            -7.727793650467283
          ],
          [
            -43.7894755338927,
            -7.8373570834555695
          ],
          [
            -43.80794281952863,
            -7.946154005448616
          ],
          [
            -43.83178505066555,
            -8.053921998137199
          ],
          [
            -43.86094908035725,
            -8.160400900923886
          ],
          [
            -43.89536884720983,
            -8.265333438658717
          ],
          [
            -43.93496548671786,
            -8.368465845029215
          ],
          [
            -43.97964747373515,
            -8.469548480151165
          ],
          [
            -44.02931079637335,
            -8.568336440882865
          ],
          [
            -44.08383916155739,
            -8.664590162364064
          ],
          [
            -44.143104232392766,
            -8.75807600926158
          ],
          [
            -44.206965897413234,
            -8.848566855187727
          ],
          [
            -44.275272571680674,
            -8.935842648745842
          ],
          [
            -44.347861529600564,
            -9.019690964650223
          ],
          [
            -44.42455926919758,
            -9.099907538366258
          ],
          [
            -44.50518190746715,
            -9.176296782721558
          ],
          [
            -44.58953560628102,
            -9.248672284950658
          ],
          [
            -44.67741702817905,
            -9.31685728265562
          ],
          [
            -44.76861382122772,
            -9.380685117192574
          ],
          [
            -44.86290513196861,
            -9.439999663030774
          ],
          [
            -44.960062145320606,
            -9.494655731676428
          ],
          [
            -45.05984865013826,
            -9.544519448808343
          ],
          [
            -45.16202162896918,
            -9.5894686033368
          ],
          [
            -45.26633187039623,
            -9.62939296717078
          ],
          [
            -45.37252460219908,
            -9.664194584561567
          ],
          [
            -45.48034014342576,
            -9.693788029982535
          ],
          [
            -45.589514573330476,
            -9.718100633605266
          ],
          [
            -45.69978041501179,
            -9.737072673540103
          ],
          [
            -45.810867331475876,
            -9.750657534124501
          ],
          [
            -45.92250283175661,
            -9.758821829663896
          ],
          [
            -46.034412984646835,
            -9.761545493156456
          ],
          [
            -46.14632313753706,
            -9.758821829663896
          ],
          [
            -46.25795863781779,
            -9.750657534124501
          ],
          [
            -46.36904555428188,
            -9.737072673540103
          ],
          [
            -46.47931139596319,
            -9.718100633605266
          ],
          [
            -46.588485825867906,
            -9.693788029982535
          ],
          [
            -46.696301367094584,
            -9.664194584561567
          ],
          [
            -46.802494098897434,
            -9.62939296717078
          ],
          [
            -46.90680434032449,
            -9.5894686033368
          ],
          [
            -47.008977319155406,
            -9.544519448808343
          ],
          [
            -47.108763823973064,
            -9.494655731676428
          ],
          [
            -47.20592083732505,
            -9.439999663030774
          ],
          [
            -47.300212148065945,
            -9.380685117192574
          ],
          [
            -47.39140894111461,
            -9.31685728265562
          ],
          [
            -47.47929036301265,
            -9.248672284950658
          ],
          [
            -47.563644061826515,
            -9.17629678272156
          ],
          [
            -47.64426670009609,
            -9.099907538366258
          ],
          [
            -47.7209644396931,
            -9.019690964650223
          ],
          [
            -47.793553397612996,
            -8.935842648745844
          ],
          [
            -47.861860071880436,
            -8.848566855187727
          ],
          [
            -47.9257217369009,
            -8.75807600926158
          ],
          [
            -47.98498680773628,
            -8.664590162364064
          ],
          [
            -48.03951517292031,
            -8.568336440882865
          ],
          [
            -48.089178495558514,
            -8.469548480151166
          ],
          [
            -48.133860482575805,
            -8.368465845029217
          ],
          [
            -48.17345712208383,
            -8.265333438658717
          ],
          [
            -48.20787688893642,
            -8.160400900923888
          ],
          [
            -48.23704091862812,
            -8.053921998137199
          ],
          [
            -48.260883149765036,
            -7.946154005448617
          ],
          [
            -48.279350435400964,
            -7.837357083455571
          ],
          [
            -48.29240262358517,
            -7.727793650467281
          ],
          [
            -48.30001260751147,
            -7.61772775185257
          ],
          [
            -48.30216634569274,
            -7.507424427874922
          ],
          [
            -48.29886285261126,
            -7.397149081393413
          ],
          [
            -48.29011416031509,
            -7.2871668467831485
          ],
          [
            -48.27594525144391,
            -7.17774196140476
          ],
          [
            -48.25639396417709,
            -7.069137140929344
          ],
          [
            -48.231510869602545,
            -6.961612959803204
          ],
          [
            -48.201359122008164,
            -6.855427238116122
          ],
          [
            -48.16601428260085,
            -6.750834436117255
          ],
          [
            -48.12556411716043,
            -6.648085057604507
          ],
          [
            -48.08010836814061,
            -6.547425063395765
          ],
          [
            -48.02975850173488,
            -6.449095296073722
          ],
          [
            -47.9746374304355,
            -6.353330917179821
          ],
          [
            -47.91487921162648,
            -6.260360858016488
          ],
          [
            -47.850628722769756,
            -6.1704072852004215
          ],
          [
            -47.782041313765944,
            -6.083685082092178
          ],
          [
            -47.70928243709894,
            -6.00040134720879
          ],
          [
            -47.632527256406355,
            -5.920754910705666
          ],
          [
            -47.55196023415568,
            -5.844935869991658
          ],
          [
            -47.46777469914884,
            -5.773125145515881
          ],
          [
            -47.380172394625,
            -5.705494057736778
          ],
          [
            -47.289363007782605,
            -5.642203926252275
          ],
          [
            -47.19556368159628,
            -5.58340569203459
          ],
          [
            -47.09899850986102,
            -5.5292395636738805
          ],
          [
            -46.99989801645497,
            -5.479834688491422
          ],
          [
            -46.898498619871546,
            -5.43530884933511
          ],
          [
            -46.7950420841307,
            -5.3957681878178825
          ],
          [
            -46.689774957237475,
            -5.36130695470304
          ],
          [
            -46.582947998411406,
            -5.332007288079603
          ],
          [
            -46.47481559536316,
            -5.307939019905963
          ],
          [
            -46.36563517294296,
            -5.28915951143145
          ],
          [
            -46.255666594528705,
            -5.275713517933212
          ],
          [
            -46.14517155755894,
            -5.26763308313078
          ],
          [
            -46.034412984646835,
            -5.264937463562802
          ]
        ]
      }
    },
    {
      "type": "Feature",
      "properties": {
        "name": "FILIAL SALVADOR",
        "radius_km": 250.0,
        "Legenda_Raio": "Filial",
        "Tipo": "Filial",
        "GrupoRaio": "250km"
      },
      "geometry": {
        "type": "LineString",
        "coordinates": [
          [
            -38.445297905948344,
            -10.644367372329112
          ],
          [
            -38.333075061763175,
            -10.647052822827147
          ],
          [
            -38.22111622001309,
            -10.655102846637773
          ],
          [
            -38.10968479697131,
            -10.66849847497817
          ],
          [
            -37.99904303775258,
            -10.687208140736018
          ],
          [
            -37.88945143364217,
            -10.711187749642848
          ],
          [
            -37.78116814290055,
            -10.740380779687085
          ],
          [
            -37.67444841617929,
            -10.774718408539039
          ],
          [
            -37.56954402766466,
            -10.814119668697582
          ],
          [
            -37.466702713042324,
            -10.858491630007787
          ],
          [
            -37.36616761535014,
            -10.90772960914033
          ],
          [
            -37.268176739757436,
            -10.96171740556775
          ],
          [
            -37.17296241827756,
            -11.020327563519425
          ],
          [
            -37.08075078538858,
            -11.083421659347033
          ],
          [
            -36.99176126550415,
            -11.150850613684913
          ],
          [
            -36.90620607320379,
            -11.222455027745685
          ],
          [
            -36.82428972710059,
            -11.29806554305025
          ],
          [
            -36.74620857819469,
            -11.377503223853015
          ],
          [
            -36.672150353533404,
            -11.4605799614877
          ],
          [
            -36.60229371597512,
            -11.547098899826112
          ],
          [
            -36.536807840833276,
            -11.636854881011473
          ],
          [
            -36.47585201016056,
            -11.729634910599174
          ],
          [
            -36.41957522542126,
            -11.825218641210547
          ],
          [
            -36.368115839292244,
            -11.923378873779296
          ],
          [
            -36.321601207329806,
            -12.023882075444838
          ],
          [
            -36.28014736024154,
            -12.12648891312212
          ],
          [
            -36.24385869750729,
            -12.23095480175228
          ],
          [
            -36.21282770310311,
            -12.337030466213344
          ],
          [
            -36.187134684094104,
            -12.444462515843698
          ],
          [
            -36.16684753287695,
            -12.552994030503747
          ],
          [
            -36.1520215138688,
            -12.662365157072237
          ],
          [
            -36.14269907545611,
            -12.772313715243016
          ],
          [
            -36.13890968803227,
            -12.882575811455606
          ],
          [
            -36.1406697089672,
            -12.992886459758417
          ],
          [
            -36.14798227536193,
            -13.102980208366985
          ],
          [
            -36.16083722544723,
            -13.212591770641383
          ],
          [
            -36.17921104948467,
            -13.321456659166856
          ],
          [
            -36.20306687102033,
            -13.429311821580425
          ],
          [
            -36.23235445932434,
            -13.535896276743756
          ],
          [
            -36.26701027382172,
            -13.640951749819655
          ],
          [
            -36.306957541281406,
            -13.744223304766729
          ],
          [
            -36.35210636647802,
            -13.845459972724633
          ],
          [
            -36.40235387697607,
            -13.944415374721595
          ],
          [
            -36.45758440260627,
            -14.040848337097785
          ],
          [
            -36.51766969010917,
            -14.134523498002787
          ],
          [
            -36.58246915331146,
            -14.225211903294616
          ],
          [
            -36.65183015907535,
            -14.312691590141778
          ],
          [
            -36.725588349121836,
            -14.396748156610046
          ],
          [
            -36.80356799767429,
            -14.47717531550285
          ],
          [
            -36.88558240470196,
            -14.55377543071925
          ],
          [
            -36.971434324363294,
            -14.62636003439746
          ],
          [
            -37.06091642805921,
            -14.694750323125298
          ],
          [
            -37.15381180130797,
            -14.758777631522891
          ],
          [
            -37.249894473448286,
            -14.818283881537527
          ],
          [
            -37.34892997896803,
            -14.87312200583668
          ],
          [
            -37.45067594904511,
            -14.923156343742887
          ],
          [
            -37.554882731677495,
            -14.968263008223568
          ],
          [
            -37.66129403857358,
            -15.008330222530171
          ],
          [
            -37.769647616775345,
            -15.043258625173724
          ],
          [
            -37.879675942797576,
            -15.072961542027777
          ],
          [
            -37.99110693689013,
            -15.097365224464214
          ],
          [
            -38.103664694868925,
            -15.116409052551742
          ],
          [
            -38.21707023481809,
            -15.13004570247988
          ],
          [
            -38.331042255842405,
            -15.138241277512568
          ],
          [
            -38.445297905948344,
            -15.140975401922768
          ],
          [
            -38.55955355605429,
            -15.138241277512568
          ],
          [
            -38.67352557707861,
            -15.130045702479887
          ],
          [
            -38.78693111702776,
            -15.116409052551742
          ],
          [
            -38.89948887500657,
            -15.097365224464214
          ],
          [
            -39.01091986909912,
            -15.072961542027777
          ],
          [
            -39.12094819512135,
            -15.043258625173724
          ],
          [
            -39.22930177332311,
            -15.008330222530171
          ],
          [
            -39.33571308021919,
            -14.968263008223568
          ],
          [
            -39.43991986285158,
            -14.923156343742887
          ],
          [
            -39.541665832928665,
            -14.87312200583668
          ],
          [
            -39.64070133844841,
            -14.818283881537527
          ],
          [
            -39.73678401058872,
            -14.758777631522891
          ],
          [
            -39.82967938383749,
            -14.694750323125298
          ],
          [
            -39.9191614875334,
            -14.62636003439746
          ],
          [
            -40.00501340719474,
            -14.55377543071925
          ],
          [
            -40.0870278142224,
            -14.47717531550285
          ],
          [
            -40.16500746277486,
            -14.39674815661005
          ],
          [
            -40.23876565282134,
            -14.31269159014178
          ],
          [
            -40.30812665858524,
            -14.225211903294616
          ],
          [
            -40.37292612178752,
            -14.134523498002787
          ],
          [
            -40.433011409290415,
            -14.040848337097785
          ],
          [
            -40.48824193492062,
            -13.944415374721595
          ],
          [
            -40.538489445418676,
            -13.845459972724633
          ],
          [
            -40.58363827061529,
            -13.74422330476673
          ],
          [
            -40.62358553807498,
            -13.640951749819655
          ],
          [
            -40.658241352572354,
            -13.535896276743758
          ],
          [
            -40.687528940876355,
            -13.429311821580425
          ],
          [
            -40.711384762412024,
            -13.321456659166856
          ],
          [
            -40.729758586449464,
            -13.212591770641385
          ],
          [
            -40.74261353653476,
            -13.102980208366985
          ],
          [
            -40.74992610292949,
            -12.992886459758417
          ],
          [
            -40.751686123864424,
            -12.882575811455606
          ],
          [
            -40.74789673644059,
            -12.772313715243016
          ],
          [
            -40.73857429802789,
            -12.662365157072239
          ],
          [
            -40.723748279019745,
            -12.552994030503747
          ],
          [
            -40.70346112780259,
            -12.444462515843698
          ],
          [
            -40.677768108793586,
            -12.337030466213346
          ],
          [
            -40.6467371143894,
            -12.23095480175228
          ],
          [
            -40.61044845165515,
            -12.126488913122122
          ],
          [
            -40.56899460456689,
            -12.023882075444838
          ],
          [
            -40.52247997260445,
            -11.923378873779296
          ],
          [
            -40.47102058647543,
            -11.825218641210547
          ],
          [
            -40.41474380173614,
            -11.729634910599174
          ],
          [
            -40.35378797106342,
            -11.636854881011475
          ],
          [
            -40.28830209592157,
            -11.547098899826112
          ],
          [
            -40.218445458363284,
            -11.4605799614877
          ],
          [
            -40.144387233702005,
            -11.377503223853015
          ],
          [
            -40.0663060847961,
            -11.29806554305025
          ],
          [
            -39.984389738692904,
            -11.222455027745685
          ],
          [
            -39.89883454639254,
            -11.150850613684913
          ],
          [
            -39.809845026508114,
            -11.083421659347033
          ],
          [
            -39.71763339361914,
            -11.020327563519425
          ],
          [
            -39.62241907213926,
            -10.96171740556775
          ],
          [
            -39.52442819654655,
            -10.90772960914033
          ],
          [
            -39.42389309885437,
            -10.858491630007787
          ],
          [
            -39.32105178423203,
            -10.814119668697584
          ],
          [
            -39.21614739571741,
            -10.774718408539039
          ],
          [
            -39.10942766899615,
            -10.740380779687085
          ],
          [
            -39.00114437825452,
            -10.711187749642848
          ],
          [
            -38.89155277414412,
            -10.687208140736018
          ],
          [
            -38.780911014925394,
            -10.66849847497817
          ],
          [
            -38.66947959188361,
            -10.655102846637773
          ],
          [
            -38.55752075013352,
            -10.647052822827147
          ],
          [
            -38.445297905948344,
            -10.644367372329112
          ]
        ]
      }
    },
    {
      "type": "Feature",
      "properties": {
        "name": "FILIAL CUIABÁ",
        "radius_km": 250.0,
        "Legenda_Raio": "Filial",
        "Tipo": "Filial",
        "GrupoRaio": "250km"
      },
      "geometry": {
        "type": "LineString",
        "coordinates": [
          [
            -55.97077932022788,
            -13.412514000930809
          ],
          [
            -55.85739474075342,
            -13.41519408877222
          ],
          [
            -55.74427529504933,
            -13.423228074914828
          ],
          [
            -55.63168554308948,
            -13.436597141020467
          ],
          [
            -55.51988889826194,
            -13.455269969185693
          ],
          [
            -55.409147056590655,
            -13.479202810830952
          ],
          [
            -55.29971942896424,
            -13.508339582944096
          ],
          [
            -55.19186257735767,
            -13.542611991478354
          ],
          [
            -55.08582965601885,
            -13.581939681650146
          ],
          [
            -54.981869858575884,
            -13.62623041482868
          ],
          [
            -54.88022787200205,
            -13.675380271657923
          ],
          [
            -54.781143338356,
            -13.72927388100209
          ],
          [
            -54.68485032519325,
            -13.787784674258706
          ],
          [
            -54.59157680552399,
            -13.85077516453848
          ],
          [
            -54.50154414817136,
            -13.918097250168959
          ],
          [
            -54.414966619364435,
            -13.98959254193896
          ],
          [
            -54.332050896382306,
            -14.065092713463308
          ],
          [
            -54.25299559404986,
            -14.144419874012026
          ],
          [
            -54.17799080487341,
            -14.22738696311501
          ],
          [
            -54.10721765359506,
            -14.313798166221687
          ],
          [
            -54.040847866939664,
            -14.40344935066547
          ],
          [
            -53.97904335932754,
            -14.496128521154013
          ],
          [
            -53.92195583532934,
            -14.59161629397869
          ],
          [
            -53.86972640964807,
            -14.689686389109236
          ],
          [
            -53.82248524542587,
            -14.790106139312483
          ],
          [
            -53.78035121169007,
            -14.892637015406343
          ],
          [
            -53.743431560773956,
            -14.997035166732015
          ],
          [
            -53.71182162657207,
            -15.103051975897946
          ],
          [
            -53.68560454451642,
            -15.21043462681801
          ],
          [
            -53.66485099418914,
            -15.318926685033803
          ],
          [
            -53.649618965515955,
            -15.428268689275948
          ],
          [
            -53.63995354951451,
            -15.538198753182204
          ],
          [
            -53.635886754598374,
            -15.648453176050765
          ],
          [
            -53.63743734946233,
            -15.758767061464795
          ],
          [
            -53.64461073359401,
            -15.868874942580142
          ],
          [
            -53.65739883647073,
            -15.978511412821124
          ],
          [
            -53.67578004650654,
            -16.087411760680553
          ],
          [
            -53.699719170810994,
            -16.195312607269752
          ],
          [
            -53.72916742680752,
            -16.30195254521231
          ],
          [
            -53.76406246673288,
            -16.407072777422957
          ],
          [
            -53.80432843599936,
            -16.510417754260562
          ],
          [
            -53.849876066346674,
            -16.611735807492074
          ],
          [
            -53.90060280464011,
            -16.71077977945457
          ],
          [
            -53.95639297808385,
            -16.80730764575428
          ],
          [
            -54.01711799651401,
            -16.901083129797783
          ],
          [
            -54.08263659231353,
            -16.99187630741053
          ],
          [
            -54.15279509835116,
            -17.079464199763915
          ],
          [
            -54.2274277641899,
            -17.16363135280477
          ],
          [
            -54.30635711063596,
            -17.24417040136149
          ],
          [
            -54.38939432251099,
            -17.32088261609013
          ],
          [
            -54.47633967932596,
            -17.39357843142279
          ],
          [
            -54.56698302332033,
            -17.462077952690148
          ],
          [
            -54.661104264103805,
            -17.526211440611164
          ],
          [
            -54.75847391890432,
            -17.585819771375867
          ],
          [
            -54.85885368718771,
            -17.640754870593273
          ],
          [
            -54.96199705817296,
            -17.690880119435
          ],
          [
            -55.06764994952797,
            -17.736070731377175
          ],
          [
            -55.175551375294596,
            -17.776214098028298
          ],
          [
            -55.28543414086464,
            -17.81121010262869
          ],
          [
            -55.39702556261107,
            -17.84097139991758
          ],
          [
            -55.510048209576865,
            -17.865423661186185
          ],
          [
            -55.62422066443841,
            -17.884505783468406
          ],
          [
            -55.739258300796166,
            -17.89817006196398
          ],
          [
            -55.8548740737034,
            -17.906382324941074
          ],
          [
            -55.97077932022788,
            -17.90912203052446
          ],
          [
            -56.08668456675235,
            -17.906382324941074
          ],
          [
            -56.20230033965958,
            -17.89817006196398
          ],
          [
            -56.31733797601733,
            -17.884505783468406
          ],
          [
            -56.43151043087888,
            -17.865423661186185
          ],
          [
            -56.544533077844676,
            -17.84097139991758
          ],
          [
            -56.656124499591115,
            -17.81121010262869
          ],
          [
            -56.76600726516116,
            -17.7762140980283
          ],
          [
            -56.873908690927784,
            -17.736070731377175
          ],
          [
            -56.97956158228279,
            -17.690880119435
          ],
          [
            -57.08270495326804,
            -17.640754870593273
          ],
          [
            -57.18308472155143,
            -17.585819771375867
          ],
          [
            -57.28045437635195,
            -17.526211440611164
          ],
          [
            -57.374575617135406,
            -17.462077952690148
          ],
          [
            -57.46521896112979,
            -17.39357843142279
          ],
          [
            -57.552164317944765,
            -17.32088261609013
          ],
          [
            -57.635201529819795,
            -17.244170401361494
          ],
          [
            -57.71413087626586,
            -17.16363135280477
          ],
          [
            -57.788763542104576,
            -17.07946419976392
          ],
          [
            -57.858922048142226,
            -16.99187630741053
          ],
          [
            -57.924440643941736,
            -16.901083129797783
          ],
          [
            -57.985165662371905,
            -16.80730764575428
          ],
          [
            -58.04095583581565,
            -16.71077977945457
          ],
          [
            -58.09168257410907,
            -16.611735807492074
          ],
          [
            -58.137230204456394,
            -16.510417754260562
          ],
          [
            -58.177496173722865,
            -16.407072777422957
          ],
          [
            -58.21239121364823,
            -16.30195254521231
          ],
          [
            -58.24183946964476,
            -16.195312607269756
          ],
          [
            -58.26577859394921,
            -16.087411760680553
          ],
          [
            -58.28415980398502,
            -15.978511412821124
          ],
          [
            -58.29694790686174,
            -15.868874942580142
          ],
          [
            -58.30412129099342,
            -15.758767061464795
          ],
          [
            -58.305671885857386,
            -15.648453176050765
          ],
          [
            -58.301605090941244,
            -15.538198753182204
          ],
          [
            -58.29193967493979,
            -15.428268689275948
          ],
          [
            -58.27670764626661,
            -15.318926685033803
          ],
          [
            -58.25595409593933,
            -15.21043462681801
          ],
          [
            -58.22973701388368,
            -15.103051975897946
          ],
          [
            -58.19812707968179,
            -14.997035166732019
          ],
          [
            -58.161207428765685,
            -14.892637015406343
          ],
          [
            -58.11907339502987,
            -14.790106139312483
          ],
          [
            -58.07183223080768,
            -14.689686389109236
          ],
          [
            -58.01960280512641,
            -14.59161629397869
          ],
          [
            -57.9625152811282,
            -14.496128521154013
          ],
          [
            -57.90071077351608,
            -14.403449350665474
          ],
          [
            -57.8343409868607,
            -14.313798166221689
          ],
          [
            -57.763567835582336,
            -14.22738696311501
          ],
          [
            -57.68856304640589,
            -14.144419874012026
          ],
          [
            -57.609507744073454,
            -14.065092713463308
          ],
          [
            -57.52659202109132,
            -13.98959254193896
          ],
          [
            -57.44001449228439,
            -13.918097250168959
          ],
          [
            -57.349981834931754,
            -13.85077516453848
          ],
          [
            -57.2567083152625,
            -13.787784674258706
          ],
          [
            -57.16041530209975,
            -13.72927388100209
          ],
          [
            -57.0613307684537,
            -13.675380271657923
          ],
          [
            -56.95968878187987,
            -13.626230414828681
          ],
          [
            -56.8557289844369,
            -13.581939681650146
          ],
          [
            -56.749696063098085,
            -13.542611991478354
          ],
          [
            -56.641839211491515,
            -13.508339582944096
          ],
          [
            -56.5324115838651,
            -13.479202810830952
          ],
          [
            -56.421669742193814,
            -13.455269969185693
          ],
          [
            -56.30987309736628,
            -13.436597141020467
          ],
          [
            -56.197283345406426,
            -13.423228074914828
          ],
          [
            -56.08416389970233,
            -13.41519408877222
          ],
          [
            -55.97077932022788,
            -13.412514000930809
          ]
        ]
      }
    },
    {
      "type": "Feature",
      "properties": {
        "name": "FILIAL TERESINA",
        "radius_km": 250.0,
        "Legenda_Raio": "Filial",
        "Tipo": "Filial",
        "GrupoRaio": "250km"
      },
      "geometry": {
        "type": "LineString",
        "coordinates": [
          [
            -42.80713825957074,
            -2.8589605954088566
          ],
          [
            -42.69670974578555,
            -2.8616606956884016
          ],
          [
            -42.586545295670916,
            -2.869754529882784
          ],
          [
            -42.47690834582097,
            -2.8832227136311053
          ],
          [
            -42.36806108031076,
            -2.9020329915262657
          ],
          [
            -42.26026380851149,
            -2.9261403147489013
          ],
          [
            -42.15377434776915,
            -2.9554869494408313
          ],
          [
            -42.04884741252331,
            -2.990002615506807
          ],
          [
            -41.94573401140667,
            -3.0296046554484994
          ],
          [
            -41.844680853821394,
            -3.074198232752687
          ],
          [
            -41.74592976743617,
            -3.1236765592771274
          ],
          [
            -41.649717127990485,
            -3.1779211510030136
          ],
          [
            -41.55627330272917,
            -3.2368021114526524
          ],
          [
            -41.465822108722904,
            -3.3001784420053872
          ],
          [
            -41.378580287260455,
            -3.367898378284029
          ],
          [
            -41.29475699542555,
            -3.4397997517282697
          ],
          [
            -41.21455331589883,
            -3.515710375420895
          ],
          [
            -41.13816178595255,
            -3.595448453186889
          ],
          [
            -41.06576594653434,
            -3.678823010944778
          ],
          [
            -40.99753991226785,
            -3.765634349253497
          ],
          [
            -40.93364796313218,
            -3.8556745159664247
          ],
          [
            -40.87424415852115,
            -3.9487277978767206
          ],
          [
            -40.81947197432604,
            -4.044571230214332
          ],
          [
            -40.769463963634486,
            -4.14297512283447
          ],
          [
            -40.724341441591754,
            -4.243703601919696
          ],
          [
            -40.684214194930476,
            -4.346515166002405
          ],
          [
            -40.64918021664007,
            -4.451163255100915
          ],
          [
            -40.61932546621811,
            -4.557396831750246
          ],
          [
            -40.59472365592158,
            -4.664960972697308
          ],
          [
            -40.57543606341674,
            -4.773597470019352
          ],
          [
            -40.56151137121106,
            -4.883045440413669
          ],
          [
            -40.552985533238115,
            -4.993041941395321
          ],
          [
            -40.549881668957035,
            -5.10332259312785
          ],
          [
            -40.55220998531919,
            -5.213622204599294
          ],
          [
            -40.5599677269465,
            -5.323675402842123
          ],
          [
            -40.57313915485694,
            -5.4332172638811045
          ],
          [
            -40.591695554060735,
            -5.541983944077322
          ],
          [
            -40.61559527033697,
            -5.649713310520011
          ],
          [
            -40.6447837764807,
            -5.756145569100551
          ],
          [
            -40.679193768286204,
            -5.861023888885249
          ],
          [
            -40.71874529050098,
            -5.9640950213858135
          ],
          [
            -40.76334589294625,
            -6.065109913309099
          ],
          [
            -40.81289081695252,
            -6.1638243113513544
          ],
          [
            -40.86726321220325,
            -6.259999357587377
          ],
          [
            -40.92633438401346,
            -6.353402173992328
          ],
          [
            -40.98996407099549,
            -6.443806434624179
          ],
          [
            -41.05800075297866,
            -6.530992923988457
          ],
          [
            -41.13028198895483,
            -6.614750080105057
          ],
          [
            -41.20663478471782,
            -6.694874520799731
          ],
          [
            -41.286875989751586,
            -6.771171551751544
          ],
          [
            -41.37081272280099,
            -6.8434556548424235
          ],
          [
            -41.45824282543166,
            -6.911550955376657
          ],
          [
            -41.54895534275119,
            -6.9752916667673075
          ],
          [
            -41.642731030326836,
            -7.034522511323427
          ],
          [
            -41.73934288619362,
            -7.089099115817008
          ],
          [
            -41.838556706705845,
            -7.138888380561995
          ],
          [
            -41.94013166484395,
            -7.183768820799622
          ],
          [
            -42.043820909450965,
            -7.22363087925459
          ],
          [
            -42.14937218373936,
            -7.258377208805297
          ],
          [
            -42.256528461282784,
            -7.2879229242978925
          ],
          [
            -42.36502859758871,
            -7.31219582262818
          ],
          [
            -42.47460799524048,
            -7.331136570316709
          ],
          [
            -42.584999280501194,
            -7.3446988579099015
          ],
          [
            -42.69593298918962,
            -7.352849520653503
          ],
          [
            -42.80713825957074,
            -7.35556862500251
          ],
          [
            -42.91834352995187,
            -7.352849520653503
          ],
          [
            -43.02927723864029,
            -7.3446988579099015
          ],
          [
            -43.139668523901,
            -7.331136570316709
          ],
          [
            -43.24924792155277,
            -7.31219582262818
          ],
          [
            -43.35774805785871,
            -7.2879229242978925
          ],
          [
            -43.464904335402125,
            -7.258377208805297
          ],
          [
            -43.570455609690526,
            -7.223630879254592
          ],
          [
            -43.67414485429753,
            -7.183768820799622
          ],
          [
            -43.775719812435646,
            -7.138888380561996
          ],
          [
            -43.87493363294787,
            -7.089099115817008
          ],
          [
            -43.97154548881465,
            -7.034522511323427
          ],
          [
            -44.0653211763903,
            -6.9752916667673075
          ],
          [
            -44.15603369370983,
            -6.911550955376657
          ],
          [
            -44.243463796340485,
            -6.843455654842424
          ],
          [
            -44.3274005293899,
            -6.771171551751544
          ],
          [
            -44.40764173442366,
            -6.694874520799731
          ],
          [
            -44.48399453018666,
            -6.614750080105058
          ],
          [
            -44.55627576616283,
            -6.530992923988458
          ],
          [
            -44.62431244814599,
            -6.443806434624179
          ],
          [
            -44.687942135128026,
            -6.353402173992329
          ],
          [
            -44.747013306938236,
            -6.259999357587377
          ],
          [
            -44.801385702188966,
            -6.1638243113513544
          ],
          [
            -44.85093062619524,
            -6.065109913309101
          ],
          [
            -44.8955312286405,
            -5.964095021385815
          ],
          [
            -44.93508275085528,
            -5.861023888885249
          ],
          [
            -44.96949274266079,
            -5.756145569100552
          ],
          [
            -44.99868124880452,
            -5.649713310520012
          ],
          [
            -45.022580965080756,
            -5.541983944077323
          ],
          [
            -45.041137364284545,
            -5.433217263881105
          ],
          [
            -45.05430879219499,
            -5.323675402842123
          ],
          [
            -45.0620665338223,
            -5.213622204599294
          ],
          [
            -45.06439485018445,
            -5.103322593127851
          ],
          [
            -45.061290985903376,
            -4.993041941395321
          ],
          [
            -45.05276514793043,
            -4.883045440413671
          ],
          [
            -45.03884045572475,
            -4.773597470019351
          ],
          [
            -45.019552863219914,
            -4.664960972697309
          ],
          [
            -44.994951052923376,
            -4.557396831750247
          ],
          [
            -44.965096302501415,
            -4.451163255100915
          ],
          [
            -44.930062324211015,
            -4.346515166002406
          ],
          [
            -44.88993507754972,
            -4.243703601919695
          ],
          [
            -44.844812555507005,
            -4.14297512283447
          ],
          [
            -44.79480454481545,
            -4.044571230214332
          ],
          [
            -44.74003236062034,
            -3.9487277978767215
          ],
          [
            -44.6806285560093,
            -3.8556745159664256
          ],
          [
            -44.616736606873644,
            -3.765634349253499
          ],
          [
            -44.54851057260715,
            -3.678823010944777
          ],
          [
            -44.47611473318894,
            -3.595448453186889
          ],
          [
            -44.39972320324266,
            -3.5157103754208956
          ],
          [
            -44.31951952371594,
            -3.43979975172827
          ],
          [
            -44.23569623188103,
            -3.3678983782840297
          ],
          [
            -44.14845441041859,
            -3.3001784420053872
          ],
          [
            -44.058003216412324,
            -3.2368021114526524
          ],
          [
            -43.964559391151,
            -3.177921151003014
          ],
          [
            -43.86834675170532,
            -3.123676559277128
          ],
          [
            -43.7695956653201,
            -3.0741982327526873
          ],
          [
            -43.66854250773482,
            -3.0296046554485003
          ],
          [
            -43.56542910661818,
            -2.990002615506807
          ],
          [
            -43.46050217137234,
            -2.9554869494408313
          ],
          [
            -43.35401271063,
            -2.9261403147489013
          ],
          [
            -43.24621543883073,
            -2.9020329915262657
          ],
          [
            -43.13736817332051,
            -2.8832227136311053
          ],
          [
            -43.027731223470575,
            -2.869754529882784
          ],
          [
            -42.917566773355944,
            -2.8616606956884016
          ],
          [
            -42.80713825957074,
            -2.8589605954088566
          ]
        ]
      }
    },
    {
      "type": "Feature",
      "properties": {
        "name": "FILIAL SINOP",
        "radius_km": 250.0,
        "Legenda_Raio": "Filial",
        "Tipo": "Filial",
        "GrupoRaio": "250km"
      },
      "geometry": {
        "type": "LineString",
        "coordinates": [
          [
            -55.515932348299714,
            -9.700852446345706
          ],
          [
            -55.40404071124874,
            -9.703539701243027
          ],
          [
            -55.29241283022787,
            -9.711595121258192
          ],
          [
            -55.181311870659336,
            -9.724999686785479
          ],
          [
            -55.07099981796957,
            -9.743721746529816
          ],
          [
            -54.96173689063531,
            -9.767717089458351
          ],
          [
            -54.85378095686719,
            -9.796929045293151
          ],
          [
            -54.74738695611795,
            -9.831288613307612
          ],
          [
            -54.642806326581095,
            -9.870714619123975
          ],
          [
            -54.54028643982116,
            -9.915113899146343
          ],
          [
            -54.44007004364679,
            -9.964381512202847
          ],
          [
            -54.34239471430633,
            -10.01840097791254
          ],
          [
            -54.24749231905058,
            -10.077044541237463
          ],
          [
            -54.15558849007133,
            -10.140173462628201
          ],
          [
            -54.06690211078716,
            -10.207638333122485
          ],
          [
            -53.981644815411116,
            -10.27927941371062
          ],
          [
            -53.900020502698524,
            -10.354926998239302
          ],
          [
            -53.82222486473875,
            -10.434401799086032
          ],
          [
            -53.74844493162223,
            -10.51751535480016
          ],
          [
            -53.67885863278518,
            -10.604070458873046
          ],
          [
            -53.61363437580803,
            -10.693861608768973
          ],
          [
            -53.552930643422606,
            -10.786675474319562
          ],
          [
            -53.49689560946486,
            -10.882291384557558
          ],
          [
            -53.44566677449789,
            -10.980481832040315
          ],
          [
            -53.3993706218209,
            -11.081012993688814
          ],
          [
            -53.35812229457672,
            -11.183645267144191
          ],
          [
            -53.322025294670375,
            -11.288133821619935
          ],
          [
            -53.29117120421605,
            -11.39422916220406
          ],
          [
            -53.26563943023688,
            -11.501677706540917
          ],
          [
            -53.24549697335279,
            -11.610222372796743
          ],
          [
            -53.23079822120296,
            -11.719603177786201
          ],
          [
            -53.22158476736214,
            -11.829557844108828
          ],
          [
            -53.21788525652269,
            -11.939822415114243
          ],
          [
            -53.21971525672391,
            -12.050131876482977
          ],
          [
            -53.22707715941845,
            -12.160220783176312
          ],
          [
            -53.23996010816863,
            -12.26982389047283
          ],
          [
            -53.25833995676293,
            -12.378676787772559
          ],
          [
            -53.28217925753377,
            -12.486516533811116
          ],
          [
            -53.31142728063951,
            -12.593082291887153
          ],
          [
            -53.346020065046126,
            -12.698115963666492
          ],
          [
            -53.38588050190552,
            -12.801362820086766
          ],
          [
            -53.43091845097685,
            -12.902572127847503
          ],
          [
            -53.48103089067386,
            -13.001497769932897
          ],
          [
            -53.536102102244215,
            -13.097898858579535
          ],
          [
            -53.59600388849562,
            -13.191540339068942
          ],
          [
            -53.660595827378,
            -13.28219358269687
          ],
          [
            -53.729725560610945,
            -13.369636967247816
          ],
          [
            -53.80322911741185,
            -13.453656443286041
          ],
          [
            -53.880931273232235,
            -13.534046084563535
          ],
          [
            -53.96264594324992,
            -13.610608620842505
          ],
          [
            -54.04817661019277,
            -13.683155951435383
          ],
          [
            -54.137316785888416,
            -13.751509637780073
          ],
          [
            -54.22985050574442,
            -13.815501373392824
          ],
          [
            -54.3255528551674,
            -13.874973429576253
          ],
          [
            -54.42419052672986,
            -13.929779075306032
          ],
          [
            -54.52552240669224,
            -13.979782969777037
          ],
          [
            -54.62930018928714,
            -14.02486152615837
          ],
          [
            -54.735269016976964,
            -14.06490324518649
          ],
          [
            -54.843168144705785,
            -14.09980901731677
          ],
          [
            -54.95273162598646,
            -14.129492392255475
          ],
          [
            -55.06368901849535,
            -14.153879814806041
          ],
          [
            -55.17576610669341,
            -14.172910826084935
          ],
          [
            -55.28868563885564,
            -14.186538229292177
          ],
          [
            -55.402168075773716,
            -14.19472821935906
          ],
          [
            -55.515932348299714,
            -14.197460475939359
          ],
          [
            -55.62969662082571,
            -14.19472821935906
          ],
          [
            -55.74317905774378,
            -14.186538229292177
          ],
          [
            -55.85609858990602,
            -14.172910826084935
          ],
          [
            -55.968175678104075,
            -14.153879814806041
          ],
          [
            -56.07913307061297,
            -14.129492392255475
          ],
          [
            -56.18869655189364,
            -14.09980901731677
          ],
          [
            -56.29659567962246,
            -14.06490324518649
          ],
          [
            -56.40256450731229,
            -14.02486152615837
          ],
          [
            -56.506342289907195,
            -13.979782969777037
          ],
          [
            -56.60767416986956,
            -13.929779075306032
          ],
          [
            -56.706311841432026,
            -13.874973429576254
          ],
          [
            -56.802014190855,
            -13.815501373392824
          ],
          [
            -56.89454791071101,
            -13.751509637780073
          ],
          [
            -56.983688086406666,
            -13.683155951435383
          ],
          [
            -57.06921875334952,
            -13.610608620842505
          ],
          [
            -57.1509334233672,
            -13.534046084563535
          ],
          [
            -57.22863557918758,
            -13.453656443286041
          ],
          [
            -57.302139135988476,
            -13.369636967247816
          ],
          [
            -57.37126886922143,
            -13.282193582696868
          ],
          [
            -57.4358608081038,
            -13.191540339068943
          ],
          [
            -57.49576259435521,
            -13.097898858579535
          ],
          [
            -57.55083380592556,
            -13.001497769932898
          ],
          [
            -57.60094624562257,
            -12.902572127847504
          ],
          [
            -57.645984194693916,
            -12.801362820086768
          ],
          [
            -57.68584463155331,
            -12.698115963666492
          ],
          [
            -57.72043741595992,
            -12.593082291887155
          ],
          [
            -57.74968543906566,
            -12.486516533811116
          ],
          [
            -57.773524739836496,
            -12.378676787772559
          ],
          [
            -57.791904588430796,
            -12.269823890472832
          ],
          [
            -57.80478753718098,
            -12.160220783176312
          ],
          [
            -57.812149439875526,
            -12.050131876482977
          ],
          [
            -57.813979440076736,
            -11.939822415114243
          ],
          [
            -57.810279929237296,
            -11.82955784410883
          ],
          [
            -57.801066475396475,
            -11.719603177786203
          ],
          [
            -57.786367723246634,
            -11.610222372796743
          ],
          [
            -57.766225266362554,
            -11.501677706540919
          ],
          [
            -57.740693492383386,
            -11.39422916220406
          ],
          [
            -57.709839401929045,
            -11.288133821619935
          ],
          [
            -57.67374240202271,
            -11.183645267144193
          ],
          [
            -57.632494074778535,
            -11.081012993688814
          ],
          [
            -57.58619792210155,
            -10.980481832040315
          ],
          [
            -57.53496908713456,
            -10.882291384557558
          ],
          [
            -57.478934053176836,
            -10.786675474319562
          ],
          [
            -57.418230320791395,
            -10.693861608768975
          ],
          [
            -57.353006063814256,
            -10.604070458873048
          ],
          [
            -57.2834197649772,
            -10.51751535480016
          ],
          [
            -57.209639831860684,
            -10.434401799086032
          ],
          [
            -57.1318441939009,
            -10.354926998239302
          ],
          [
            -57.05021988118832,
            -10.27927941371062
          ],
          [
            -56.96496258581227,
            -10.207638333122485
          ],
          [
            -56.876276206528104,
            -10.140173462628201
          ],
          [
            -56.784372377548856,
            -10.077044541237463
          ],
          [
            -56.689469982293105,
            -10.018400977912542
          ],
          [
            -56.59179465295264,
            -9.964381512202847
          ],
          [
            -56.49157825677827,
            -9.915113899146343
          ],
          [
            -56.38905837001833,
            -9.870714619123975
          ],
          [
            -56.284477740481485,
            -9.831288613307612
          ],
          [
            -56.17808373973224,
            -9.796929045293151
          ],
          [
            -56.07012780596413,
            -9.767717089458351
          ],
          [
            -55.960864878629856,
            -9.743721746529816
          ],
          [
            -55.8505528259401,
            -9.724999686785479
          ],
          [
            -55.73945186637157,
            -9.711595121258192
          ],
          [
            -55.627823985350695,
            -9.703539701243027
          ],
          [
            -55.515932348299714,
            -9.700852446345706
          ]
        ]
      }
    },
    {
      "type": "Feature",
      "properties": {
        "name": "FILIAL RECIFE",
        "radius_km": 250.0,
        "Legenda_Raio": "Filial",
        "Tipo": "Filial",
        "GrupoRaio": "250km"
      },
      "geometry": {
        "type": "LineString",
        "coordinates": [
          [
            -34.94346674805347,
            -5.795154320425538
          ],
          [
            -34.83260884608303,
            -5.797848948440492
          ],
          [
            -34.72201442508545,
            -5.805926418013822
          ],
          [
            -34.611946355591044,
            -5.819367500807779
          ],
          [
            -34.50266628869653,
            -5.838140199808523
          ],
          [
            -34.39443404996896,
            -5.862199824508576
          ],
          [
            -34.28750703767304,
            -5.891489095880994
          ],
          [
            -34.182139626727384,
            -5.925938280866456
          ],
          [
            -34.07858257976585,
            -5.965465356018278
          ],
          [
            -33.97708246664389,
            -6.0099761998766725
          ],
          [
            -33.87788109368902,
            -6.059364813572834
          ],
          [
            -33.78121494394737,
            -6.113513569096023
          ],
          [
            -33.6873146296288,
            -6.172293484593136
          ],
          [
            -33.59640435789912,
            -6.235564526010459
          ],
          [
            -33.508701411112845,
            -6.303175934331599
          ],
          [
            -33.424415642523556,
            -6.374966577614175
          ],
          [
            -33.343748988451985,
            -6.450765326980591
          ],
          [
            -33.26689499783664,
            -6.530391455675207
          ],
          [
            -33.194038380037405,
            -6.61365506026119
          ],
          [
            -33.12535457171167,
            -6.700357502995239
          ],
          [
            -33.061009323533746,
            -6.790291874386738
          ],
          [
            -33.00115830748501,
            -6.883243474919714
          ],
          [
            -32.94594674540186,
            -6.978990314890419
          ],
          [
            -32.895509059434,
            -7.077303631290547
          ],
          [
            -32.84996854503565,
            -7.177948420645106
          ],
          [
            -32.80943706708735,
            -7.280683986694733
          ],
          [
            -32.77401477972622,
            -7.3852645017939915
          ],
          [
            -32.7437898704473,
            -7.491439580879736
          ],
          [
            -32.71883832902767,
            -7.598954866846303
          ],
          [
            -32.699223741817626,
            -7.7075526261469705
          ],
          [
            -32.684997111939005,
            -7.816972353423068
          ],
          [
            -32.67619670592811,
            -7.926951383943542
          ],
          [
            -32.67284792735977,
            -8.037225512617841
          ],
          [
            -32.67496321798747,
            -8.14752961832414
          ],
          [
            -32.68254198693234,
            -8.257598292272498
          ],
          [
            -32.69557056844873,
            -8.367166469099068
          ],
          [
            -32.71402220878569,
            -8.475970059362586
          ],
          [
            -32.73785708265061,
            -8.583746582088633
          ],
          [
            -32.7670223397613,
            -8.690235795980493
          ],
          [
            -32.801452181946665,
            -8.795180327888565
          ],
          [
            -32.84106797122078,
            -8.898326297103301
          ],
          [
            -32.8857783692107,
            -8.999423934010428
          ],
          [
            -32.93547950826409,
            -9.098228191622033
          ],
          [
            -32.9900551944973,
            -9.194499348473913
          ],
          [
            -33.04937714296769,
            -9.288003601358994
          ],
          [
            -33.11330524506595,
            -9.378513646349276
          ],
          [
            -33.18168786812443,
            -9.46580924654571
          ],
          [
            -33.25436218712599,
            -9.549677784987223
          ],
          [
            -33.331154548276025,
            -9.629914801147578
          ],
          [
            -33.41188086406765,
            -9.706324509452925
          ],
          [
            -33.49634703932862,
            -9.77872029826392
          ],
          [
            -33.58434942758872,
            -9.846925207785592
          ],
          [
            -33.67567531695014,
            -9.910772385395441
          ],
          [
            -33.77010344448201,
            -9.970105516916805
          ],
          [
            -33.867404537996,
            -10.02477923241013
          ],
          [
            -33.96734188389448,
            -10.074659485110018
          ],
          [
            -34.069671919618145,
            -10.119623902200766
          ],
          [
            -34.17414484905925,
            -10.159562106197551
          ],
          [
            -34.280505279150404,
            -10.194376005784276
          ],
          [
            -34.388492875691405,
            -10.223980055052072
          ],
          [
            -34.497843036338466,
            -10.248301480184104
          ],
          [
            -34.60828757855425,
            -10.267280472741799
          ],
          [
            -34.71955544020509,
            -10.280870348824667
          ],
          [
            -34.831373390395804,
            -10.289037673498978
          ],
          [
            -34.94346674805347,
            -10.291762350019189
          ],
          [
            -35.05556010571114,
            -10.289037673498978
          ],
          [
            -35.16737805590185,
            -10.280870348824667
          ],
          [
            -35.27864591755269,
            -10.267280472741799
          ],
          [
            -35.389090459768475,
            -10.248301480184104
          ],
          [
            -35.498440620415536,
            -10.223980055052072
          ],
          [
            -35.60642821695654,
            -10.194376005784276
          ],
          [
            -35.71278864704769,
            -10.159562106197551
          ],
          [
            -35.8172615764888,
            -10.119623902200768
          ],
          [
            -35.919591612212464,
            -10.074659485110018
          ],
          [
            -36.01952895811094,
            -10.02477923241013
          ],
          [
            -36.11683005162493,
            -9.970105516916805
          ],
          [
            -36.2112581791568,
            -9.910772385395441
          ],
          [
            -36.30258406851822,
            -9.846925207785592
          ],
          [
            -36.39058645677832,
            -9.77872029826392
          ],
          [
            -36.47505263203929,
            -9.706324509452925
          ],
          [
            -36.55577894783091,
            -9.629914801147578
          ],
          [
            -36.63257130898095,
            -9.549677784987223
          ],
          [
            -36.705245627982514,
            -9.465809246545712
          ],
          [
            -36.773628251040996,
            -9.378513646349276
          ],
          [
            -36.83755635313925,
            -9.288003601358994
          ],
          [
            -36.89687830160964,
            -9.194499348473913
          ],
          [
            -36.951453987842854,
            -9.098228191622033
          ],
          [
            -37.00115512689624,
            -8.99942393401043
          ],
          [
            -37.04586552488616,
            -8.898326297103303
          ],
          [
            -37.085481314160276,
            -8.795180327888565
          ],
          [
            -37.119911156345644,
            -8.690235795980495
          ],
          [
            -37.14907641345633,
            -8.583746582088635
          ],
          [
            -37.17291128732125,
            -8.475970059362586
          ],
          [
            -37.19136292765821,
            -8.367166469099068
          ],
          [
            -37.2043915091746,
            -8.257598292272498
          ],
          [
            -37.21197027811947,
            -8.14752961832414
          ],
          [
            -37.21408556874717,
            -8.037225512617841
          ],
          [
            -37.21073679017883,
            -7.926951383943543
          ],
          [
            -37.20193638416793,
            -7.81697235342307
          ],
          [
            -37.187709754289315,
            -7.7075526261469705
          ],
          [
            -37.16809516707927,
            -7.598954866846303
          ],
          [
            -37.14314362565964,
            -7.491439580879736
          ],
          [
            -37.11291871638072,
            -7.385264501793993
          ],
          [
            -37.07749642901959,
            -7.280683986694735
          ],
          [
            -37.03696495107129,
            -7.177948420645106
          ],
          [
            -36.99142443667294,
            -7.077303631290547
          ],
          [
            -36.94098675070508,
            -6.978990314890419
          ],
          [
            -36.88577518862193,
            -6.883243474919714
          ],
          [
            -36.825924172573195,
            -6.790291874386738
          ],
          [
            -36.76157892439527,
            -6.70035750299524
          ],
          [
            -36.69289511606953,
            -6.61365506026119
          ],
          [
            -36.620038498270304,
            -6.530391455675207
          ],
          [
            -36.543184507654956,
            -6.450765326980592
          ],
          [
            -36.462517853583385,
            -6.374966577614176
          ],
          [
            -36.378232084994096,
            -6.3031759343316
          ],
          [
            -36.29052913820782,
            -6.235564526010458
          ],
          [
            -36.19961886647814,
            -6.172293484593136
          ],
          [
            -36.10571855215957,
            -6.113513569096023
          ],
          [
            -36.00905240241792,
            -6.059364813572834
          ],
          [
            -35.90985102946304,
            -6.009976199876673
          ],
          [
            -35.80835091634109,
            -5.965465356018278
          ],
          [
            -35.70479386937956,
            -5.925938280866456
          ],
          [
            -35.5994264584339,
            -5.891489095880994
          ],
          [
            -35.492499446137984,
            -5.862199824508576
          ],
          [
            -35.38426720741041,
            -5.838140199808523
          ],
          [
            -35.274987140515904,
            -5.81936750080778
          ],
          [
            -35.164919071021494,
            -5.805926418013822
          ],
          [
            -35.0543246500239,
            -5.797848948440492
          ],
          [
            -34.94346674805347,
            -5.795154320425538
          ]
        ]
      }
    },
    {
      "type": "Feature",
      "properties": {
        "name": "FILIAL MANAUS",
        "radius_km": 250.0,
        "Legenda_Raio": "Filial",
        "Tipo": "Filial",
        "GrupoRaio": "250km"
      },
      "geometry": {
        "type": "LineString",
        "coordinates": [
          [
            -60.023989007957574,
            -0.797734328478134
          ],
          [
            -59.91368743650538,
            -0.8004382518916628
          ],
          [
            -59.80365074652428,
            -0.8085435188496547
          ],
          [
            -59.69414317971929,
            -0.8220306354276379
          ],
          [
            -59.585427700030806,
            -0.8408671647806126
          ],
          [
            -59.477765359160024,
            -0.8650078065170886
          ],
          [
            -59.371414667352965,
            -0.8943945074848162
          ],
          [
            -59.26663097114591,
            -0.928956603633482
          ],
          [
            -59.163665839732396,
            -0.9686109925284686
          ],
          [
            -59.06276646156148,
            -1.0132623360018513
          ],
          [
            -58.96417505271686,
            -1.062803292342744
          ],
          [
            -58.868128278560334,
            -1.1171147773493433
          ],
          [
            -58.77485669004982,
            -1.1760662534901312
          ],
          [
            -58.684584176064526,
            -1.2395160463519062
          ],
          [
            -58.5975274329884,
            -1.3073116874879949
          ],
          [
            -58.51389545271881,
            -1.3792902827212317
          ],
          [
            -58.43388903018236,
            -1.455278904903247
          ],
          [
            -58.3577002913546,
            -1.5350950100841612
          ],
          [
            -58.285512242696605,
            -1.618546876004913
          ],
          [
            -58.21749834283957,
            -1.705434061787921
          ],
          [
            -58.15382209727083,
            -1.7955478876702962
          ],
          [
            -58.09463667670043,
            -1.8886719335970992
          ],
          [
            -58.04008455971852,
            -1.9845825554696999
          ],
          [
            -57.99029720029043,
            -2.0830494178257526
          ],
          [
            -57.945394720578975,
            -2.1838360417120937
          ],
          [
            -57.90548562953193,
            -2.2867003664995558
          ],
          [
            -57.87066656762821,
            -2.3913953243786863
          ],
          [
            -57.84102207813718,
            -2.497669426267149
          ],
          [
            -57.81662440521268,
            -2.605267357852699
          ],
          [
            -57.79753331911628,
            -2.713930584489518
          ],
          [
            -57.78379596884133,
            -2.823397963659971
          ],
          [
            -57.7754467623912,
            -2.933406363708107
          ],
          [
            -57.772507274950016,
            -3.0436912875451174
          ],
          [
            -57.77498618517095,
            -3.153987500020232
          ],
          [
            -57.78287923979599,
            -3.264029657643039
          ],
          [
            -57.79616924680904,
            -3.373552939334751
          ],
          [
            -57.814826097312086,
            -3.4822936768766013
          ],
          [
            -57.83880681629922,
            -3.589989983713329
          ],
          [
            -57.86805564248522,
            -3.696382380758805
          ],
          [
            -57.902504137323234,
            -3.8012144178394704
          ],
          [
            -57.94207132331773,
            -3.9042332893997576
          ],
          [
            -57.98666385170521,
            -4.005190443082439
          ],
          [
            -58.036176199533536,
            -4.10384217978635
          ],
          [
            -58.090490896121224,
            -4.1999502437946905
          ],
          [
            -58.14947877882144,
            -4.293282401559822
          ],
          [
            -58.212999277948136,
            -4.383613007725474
          ],
          [
            -58.28090073064792,
            -4.470723556965613
          ],
          [
            -58.35302072341691,
            -4.5544032202211575
          ],
          [
            -58.42918646287028,
            -4.634449363922168
          ],
          [
            -58.50921517427212,
            -4.710668050794614
          ],
          [
            -58.59291452722615,
            -4.782874520867937
          ],
          [
            -58.68008308781454,
            -4.850893651322925
          ],
          [
            -58.77051079635336,
            -4.914560393849431
          ],
          [
            -58.8639794698108,
            -4.97372018822046
          ],
          [
            -58.960263327809116,
            -5.0282293508336515
          ],
          [
            -59.05912954100544,
            -5.077955437023183
          ],
          [
            -59.16033880052106,
            -5.122777576004872
          ],
          [
            -59.26364590696597,
            -5.162586777384672
          ],
          [
            -59.368800377486444,
            -5.19728620823572
          ],
          [
            -59.47554706915072,
            -5.226791439831411
          ],
          [
            -59.58362681688206,
            -5.251030663211092
          ],
          [
            -59.69277708405247,
            -5.269944872850668
          ],
          [
            -59.80273262376459,
            -5.283488017811777
          ],
          [
            -59.913226148775706,
            -5.291627119849797
          ],
          [
            -60.023989007957574,
            -5.294342358071787
          ],
          [
            -60.134751867139435,
            -5.291627119849797
          ],
          [
            -60.24524539215056,
            -5.283488017811777
          ],
          [
            -60.355200931862676,
            -5.269944872850668
          ],
          [
            -60.46435119903309,
            -5.251030663211092
          ],
          [
            -60.57243094676443,
            -5.226791439831411
          ],
          [
            -60.679177638428705,
            -5.197286208235721
          ],
          [
            -60.78433210894918,
            -5.162586777384673
          ],
          [
            -60.88763921539409,
            -5.122777576004873
          ],
          [
            -60.98884847490971,
            -5.077955437023183
          ],
          [
            -61.08771468810603,
            -5.0282293508336515
          ],
          [
            -61.183998546104334,
            -4.973720188220461
          ],
          [
            -61.277467219561785,
            -4.914560393849431
          ],
          [
            -61.367894928100604,
            -4.8508936513229255
          ],
          [
            -61.455063488689,
            -4.782874520867937
          ],
          [
            -61.53876284164303,
            -4.710668050794615
          ],
          [
            -61.61879155304487,
            -4.634449363922169
          ],
          [
            -61.69495729249824,
            -4.554403220221158
          ],
          [
            -61.76707728526723,
            -4.4707235569656145
          ],
          [
            -61.83497873796701,
            -4.383613007725474
          ],
          [
            -61.89849923709371,
            -4.293282401559823
          ],
          [
            -61.957487119793925,
            -4.199950243794691
          ],
          [
            -62.01180181638161,
            -4.1038421797863505
          ],
          [
            -62.06131416420994,
            -4.005190443082441
          ],
          [
            -62.10590669259742,
            -3.9042332893997584
          ],
          [
            -62.14547387859191,
            -3.8012144178394704
          ],
          [
            -62.179922373429925,
            -3.696382380758806
          ],
          [
            -62.20917119961593,
            -3.58998998371333
          ],
          [
            -62.233151918603056,
            -3.482293676876602
          ],
          [
            -62.251808769106106,
            -3.3735529393347523
          ],
          [
            -62.26509877611916,
            -3.2640296576430385
          ],
          [
            -62.272991830744196,
            -3.153987500020232
          ],
          [
            -62.27547074096513,
            -3.043691287545118
          ],
          [
            -62.27253125352395,
            -2.9334063637081083
          ],
          [
            -62.26418204707382,
            -2.8233979636599718
          ],
          [
            -62.250444696798866,
            -2.7139305844895176
          ],
          [
            -62.23135361070247,
            -2.605267357852699
          ],
          [
            -62.20695593777797,
            -2.4976694262671493
          ],
          [
            -62.177311448286936,
            -2.3913953243786867
          ],
          [
            -62.14249238638322,
            -2.286700366499557
          ],
          [
            -62.10258329533617,
            -2.1838360417120932
          ],
          [
            -62.05768081562472,
            -2.0830494178257526
          ],
          [
            -62.007893456196626,
            -1.9845825554696999
          ],
          [
            -61.95334133921471,
            -1.8886719335970992
          ],
          [
            -61.894155918644316,
            -1.7955478876702973
          ],
          [
            -61.83047967307558,
            -1.7054340617879222
          ],
          [
            -61.762465773218544,
            -1.6185468760049129
          ],
          [
            -61.69027772456055,
            -1.5350950100841612
          ],
          [
            -61.614088985732806,
            -1.4552789049032475
          ],
          [
            -61.534082563196336,
            -1.379290282721232
          ],
          [
            -61.45045058292675,
            -1.3073116874879955
          ],
          [
            -61.36339383985062,
            -1.2395160463519062
          ],
          [
            -61.273121325865326,
            -1.1760662534901312
          ],
          [
            -61.17984973735481,
            -1.1171147773493437
          ],
          [
            -61.08380296319829,
            -1.0628032923427444
          ],
          [
            -60.98521155435366,
            -1.013262336001852
          ],
          [
            -60.884312176182746,
            -0.9686109925284689
          ],
          [
            -60.78134704476924,
            -0.928956603633482
          ],
          [
            -60.676563348562176,
            -0.8943945074848162
          ],
          [
            -60.570212656755125,
            -0.8650078065170886
          ],
          [
            -60.46255031588434,
            -0.8408671647806131
          ],
          [
            -60.35383483619586,
            -0.8220306354276379
          ],
          [
            -60.24432726939086,
            -0.8085435188496547
          ],
          [
            -60.134290579409765,
            -0.8004382518916628
          ],
          [
            -60.023989007957574,
            -0.797734328478134
          ]
        ]
      }
    },
    {
      "type": "Feature",
      "properties": {
        "name": "FILIAL VARGINHA",
        "radius_km": 250.0,
        "Legenda_Raio": "Filial",
        "Tipo": "Filial",
        "GrupoRaio": "250km"
      },
      "geometry": {
        "type": "LineString",
        "coordinates": [
          [
            -45.43808361122023,
            -19.339087192321724
          ],
          [
            -45.32119561696688,
            -19.34175533815346
          ],
          [
            -45.204577287616345,
            -19.349753609200466
          ],
          [
            -45.08849773794822,
            -19.36306351892959
          ],
          [
            -44.97322498316837,
            -19.38165429913659
          ],
          [
            -44.859025390802714,
            -19.40548296390079
          ],
          [
            -44.74616313460504,
            -19.434494398978327
          ],
          [
            -44.6348996511456,
            -19.4686214764918
          ],
          [
            -44.525493099744246,
            -19.507785194734787
          ],
          [
            -44.418197826408004,
            -19.5518948428717
          ],
          [
            -44.313263832430366,
            -19.600848190276192
          ],
          [
            -44.21093624830641,
            -19.65453170021573
          ],
          [
            -44.11145481361723,
            -19.712820767555524
          ],
          [
            -44.015053363537305,
            -19.775579980121858
          ],
          [
            -43.921959322621404,
            -19.842663403333432
          ],
          [
            -43.83239320653345,
            -19.913914887678715
          ],
          [
            -43.7465681323889,
            -19.989168398588294
          ],
          [
            -43.66468933839547,
            -20.06824836822273
          ],
          [
            -43.58695371349436,
            -20.15097006866914
          ],
          [
            -43.51354933772689,
            -20.237140006012467
          ],
          [
            -43.44465503407836,
            -20.32655633472066
          ],
          [
            -43.380439932583954,
            -20.419009291755746
          ],
          [
            -43.32106304751935,
            -20.514281649795056
          ],
          [
            -43.26667286854161,
            -20.612149188918238
          ],
          [
            -43.21740696669434,
            -20.71238118608545
          ],
          [
            -43.1733916162434,
            -20.814740921700164
          ],
          [
            -43.13474143336619,
            -20.918986202515757
          ],
          [
            -43.10155903277719,
            -21.024869900108367
          ],
          [
            -43.07393470343466,
            -21.132140504098356
          ],
          [
            -43.0519461045361,
            -21.24054268925996
          ],
          [
            -43.03565798307352,
            -21.349817895611753
          ],
          [
            -43.02512191428058,
            -21.459704920530378
          ],
          [
            -43.02037606636166,
            -21.569940521875804
          ],
          [
            -43.02144499094615,
            -21.68026003105847
          ],
          [
            -43.02833944075709,
            -21.790397974916928
          ],
          [
            -43.04105621602081,
            -21.900088705209694
          ],
          [
            -43.05957804117027,
            -22.009067034456688
          ],
          [
            -43.083873473408495,
            -22.117068876794832
          ],
          [
            -43.11389684469728,
            -22.223831892439375
          ],
          [
            -43.149588238717506,
            -22.329096134268276
          ],
          [
            -43.19087350431131,
            -22.432604694972163
          ],
          [
            -43.23766430685869,
            -22.534104353138027
          ],
          [
            -43.28985821896239,
            -22.633346216561932
          ],
          [
            -43.347338851713474,
            -22.730086361015967
          ],
          [
            -43.409976027684216,
            -22.8240864626284
          ],
          [
            -43.47762599664546,
            -22.91511442197512
          ],
          [
            -43.55013169483196,
            -23.002944977926052
          ],
          [
            -43.627323048381044,
            -23.087360309244005
          ],
          [
            -43.709017321349236,
            -23.168150621896405
          ],
          [
            -43.79501950846913,
            -23.245114720014158
          ],
          [
            -43.88512277254581,
            -23.318060558417535
          ],
          [
            -43.97910892611233,
            -23.386805774628034
          ],
          [
            -44.0767489566684,
            -23.451178198297907
          ],
          [
            -44.1778035945203,
            -23.51101633601751
          ],
          [
            -44.28202392192481,
            -23.566169829504307
          ],
          [
            -44.38915202192204,
            -23.61649988523768
          ],
          [
            -44.49892166492314,
            -23.66187967368024
          ],
          [
            -44.611059030806096,
            -23.702194696319893
          ],
          [
            -44.72528346396804,
            -23.737343118876215
          ],
          [
            -44.841308258492916,
            -23.767236069140303
          ],
          [
            -44.95884147032172,
            -23.791797898057574
          ],
          [
            -45.07758675306393,
            -23.810966402817428
          ],
          [
            -45.19724421386723,
            -23.824693010880925
          ],
          [
            -45.31751128557199,
            -23.832942924055708
          ],
          [
            -45.43808361122023,
            -23.835695221915376
          ],
          [
            -45.55865593686846,
            -23.832942924055708
          ],
          [
            -45.67892300857323,
            -23.824693010880925
          ],
          [
            -45.798580469376525,
            -23.810966402817428
          ],
          [
            -45.91732575211873,
            -23.791797898057574
          ],
          [
            -46.034858963947535,
            -23.767236069140303
          ],
          [
            -46.15088375847241,
            -23.737343118876215
          ],
          [
            -46.265108191634354,
            -23.702194696319893
          ],
          [
            -46.37724555751732,
            -23.66187967368024
          ],
          [
            -46.48701520051842,
            -23.616499885237683
          ],
          [
            -46.59414330051564,
            -23.566169829504307
          ],
          [
            -46.69836362792015,
            -23.51101633601751
          ],
          [
            -46.799418265772054,
            -23.451178198297907
          ],
          [
            -46.897058296328126,
            -23.386805774628037
          ],
          [
            -46.99104444989464,
            -23.318060558417535
          ],
          [
            -47.081147713971326,
            -23.245114720014158
          ],
          [
            -47.16714990109122,
            -23.168150621896405
          ],
          [
            -47.248844174059414,
            -23.08736030924401
          ],
          [
            -47.32603552760849,
            -23.002944977926052
          ],
          [
            -47.39854122579501,
            -22.915114421975115
          ],
          [
            -47.46619119475624,
            -22.8240864626284
          ],
          [
            -47.52882837072697,
            -22.730086361015967
          ],
          [
            -47.586309003478064,
            -22.633346216561932
          ],
          [
            -47.63850291558177,
            -22.534104353138027
          ],
          [
            -47.68529371812914,
            -22.432604694972163
          ],
          [
            -47.72657898372295,
            -22.329096134268276
          ],
          [
            -47.76227037774318,
            -22.223831892439375
          ],
          [
            -47.792293749031955,
            -22.117068876794836
          ],
          [
            -47.81658918127019,
            -22.00906703445669
          ],
          [
            -47.83511100641964,
            -21.900088705209697
          ],
          [
            -47.84782778168337,
            -21.790397974916928
          ],
          [
            -47.85472223149431,
            -21.68026003105847
          ],
          [
            -47.855791156078794,
            -21.569940521875804
          ],
          [
            -47.85104530815987,
            -21.459704920530378
          ],
          [
            -47.84050923936693,
            -21.349817895611753
          ],
          [
            -47.82422111790436,
            -21.24054268925996
          ],
          [
            -47.80223251900579,
            -21.132140504098356
          ],
          [
            -47.77460818966326,
            -21.024869900108367
          ],
          [
            -47.74142578907427,
            -20.918986202515757
          ],
          [
            -47.70277560619705,
            -20.814740921700164
          ],
          [
            -47.65876025574611,
            -20.71238118608545
          ],
          [
            -47.609494353898846,
            -20.612149188918238
          ],
          [
            -47.555104174921105,
            -20.514281649795056
          ],
          [
            -47.495727289856504,
            -20.419009291755746
          ],
          [
            -47.4315121883621,
            -20.326556334720664
          ],
          [
            -47.362617884713565,
            -20.237140006012467
          ],
          [
            -47.2892135089461,
            -20.15097006866914
          ],
          [
            -47.21147788404499,
            -20.06824836822273
          ],
          [
            -47.129599090051556,
            -19.989168398588294
          ],
          [
            -47.04377401590701,
            -19.913914887678715
          ],
          [
            -46.95420789981905,
            -19.842663403333432
          ],
          [
            -46.861113858903146,
            -19.775579980121858
          ],
          [
            -46.76471240882322,
            -19.712820767555524
          ],
          [
            -46.66523097413405,
            -19.65453170021573
          ],
          [
            -46.562903390010085,
            -19.600848190276192
          ],
          [
            -46.457969396032446,
            -19.5518948428717
          ],
          [
            -46.35067412269621,
            -19.507785194734787
          ],
          [
            -46.241267571294856,
            -19.4686214764918
          ],
          [
            -46.13000408783542,
            -19.434494398978327
          ],
          [
            -46.017141831637744,
            -19.40548296390079
          ],
          [
            -45.902942239272086,
            -19.38165429913659
          ],
          [
            -45.787669484492234,
            -19.36306351892959
          ],
          [
            -45.67158993482411,
            -19.349753609200466
          ],
          [
            -45.554971605473575,
            -19.34175533815346
          ],
          [
            -45.43808361122023,
            -19.339087192321724
          ]
        ]
      }
    },
    {
      "type": "Feature",
      "properties": {
        "name": "FILIAL FORTALEZA",
        "radius_km": 250.0,
        "Legenda_Raio": "Filial",
        "Tipo": "Filial",
        "GrupoRaio": "250km"
      },
      "geometry": {
        "type": "LineString",
        "coordinates": [
          [
            -38.50367761589822,
            -1.5789673501231876
          ],
          [
            -38.39334477075937,
            -1.5816698255043888
          ],
          [
            -38.283276457107185,
            -1.5897707622606323
          ],
          [
            -38.17373657157643,
            -1.6032507080194849
          ],
          [
            -38.064987742814274,
            -1.6220772947451312
          ],
          [
            -37.95729070176658,
            -1.6462053174506697
          ],
          [
            -37.85090365707105,
            -1.6755768440665408
          ],
          [
            -37.74608167721196,
            -1.7101213561393414
          ],
          [
            -37.64307608105073,
            -1.749755919946545
          ],
          [
            -37.542133838298376,
            -1.7943853875269862
          ],
          [
            -37.443496981439196,
            -1.843902627045028
          ],
          [
            -37.34740203055191,
            -1.8981887818285594
          ],
          [
            -37.25407943240522,
            -1.957113557347828
          ],
          [
            -37.16375301513113,
            -2.0205355353339276
          ],
          [
            -37.076639459702065,
            -2.08830251417276
          ],
          [
            -36.99294778935841,
            -2.160251874652695
          ],
          [
            -36.91287887805264,
            -2.236210970091954
          ],
          [
            -36.8366249788957,
            -2.315997539824992
          ],
          [
            -36.76436927351271,
            -2.399420144985648
          ],
          [
            -36.69628544313788,
            -2.4862786254884965
          ],
          [
            -36.63253726220566,
            -2.5763645770782597
          ],
          [
            -36.573278215125775,
            -2.669461847290098
          ],
          [
            -36.51865113686547,
            -2.765347049140624
          ],
          [
            -36.46878787790352,
            -2.863790091350168
          ],
          [
            -36.42380899406725,
            -2.9645547238806373
          ],
          [
            -36.383823461717014,
            -3.0673990975598393
          ],
          [
            -36.34892841870119,
            -3.172076336551743
          ],
          [
            -36.31920893146973,
            -3.278335122422434
          ],
          [
            -36.294737788704964,
            -3.385920288542922
          ],
          [
            -36.27557532180352,
            -3.494573423562004
          ],
          [
            -36.26176925252381,
            -3.604033482674735
          ],
          [
            -36.25335456809711,
            -3.714037405404182
          ],
          [
            -36.25035342408723,
            -3.8243207386058806
          ],
          [
            -36.252775075272375,
            -3.9346182633954268
          ],
          [
            -36.2606158348124,
            -4.04466462468979
          ],
          [
            -36.273859061953836,
            -4.154194962042109
          ],
          [
            -36.29247517851307,
            -4.262945540437993
          ],
          [
            -36.31642171436314,
            -4.370654379708719
          ],
          [
            -36.345643382131115,
            -4.477061881203345
          ],
          [
            -36.38007218128995,
            -4.581911450348087
          ],
          [
            -36.419627531799065,
            -4.6849501137073455
          ],
          [
            -36.46421643741243,
            -4.785929129147374
          ],
          [
            -36.51373367872896,
            -4.8846045876907755
          ],
          [
            -36.56806203600844,
            -4.980738005638788
          ],
          [
            -36.627072541715705,
            -5.074096905528934
          ],
          [
            -36.69062476268575,
            -5.164455384488903
          ],
          [
            -36.75856711172452,
            -5.251594668544088
          ],
          [
            -36.83073718837134,
            -5.335303651436754
          ],
          [
            -36.90696214845317,
            -5.415379416519886
          ],
          [
            -36.98705910195558,
            -5.491627740299246
          ],
          [
            -37.070835538623435,
            -5.5638635762134285
          ],
          [
            -37.15808978058509,
            -5.631911517264426
          ],
          [
            -37.2486114611702,
            -5.695606236140949
          ],
          [
            -37.34218202896259,
            -5.754792901513683
          ],
          [
            -37.438575275999135,
            -5.809327569226416
          ],
          [
            -37.53755788889363,
            -5.859077547159521
          ],
          [
            -37.63889002153378,
            -5.903921732602824
          ],
          [
            -37.74232588787069,
            -5.9437509210434145
          ],
          [
            -37.847614373196436,
            -5.978468085350341
          ],
          [
            -37.95449966218668,
            -6.007988624421988
          ],
          [
            -38.06272188187589,
            -6.032240580453067
          ],
          [
            -38.17201775763151,
            -6.051164824075883
          ],
          [
            -38.28212128010433,
            -6.064715206734275
          ],
          [
            -38.39276438105563,
            -6.072858679757753
          ],
          [
            -38.50367761589822,
            -6.075575379716841
          ],
          [
            -38.61459085074081,
            -6.072858679757753
          ],
          [
            -38.72523395169211,
            -6.064715206734275
          ],
          [
            -38.83533747416493,
            -6.051164824075883
          ],
          [
            -38.94463334992055,
            -6.032240580453067
          ],
          [
            -39.05285556960976,
            -6.007988624421988
          ],
          [
            -39.1597408586,
            -5.978468085350342
          ],
          [
            -39.26502934392575,
            -5.943750921043415
          ],
          [
            -39.368465210262656,
            -5.903921732602824
          ],
          [
            -39.46979734290281,
            -5.859077547159521
          ],
          [
            -39.568779955797304,
            -5.809327569226417
          ],
          [
            -39.66517320283385,
            -5.754792901513683
          ],
          [
            -39.75874377062624,
            -5.69560623614095
          ],
          [
            -39.84926545121135,
            -5.631911517264426
          ],
          [
            -39.936519693173004,
            -5.5638635762134285
          ],
          [
            -40.02029612984086,
            -5.491627740299247
          ],
          [
            -40.10039308334327,
            -5.415379416519886
          ],
          [
            -40.1766180434251,
            -5.335303651436755
          ],
          [
            -40.24878812007192,
            -5.251594668544089
          ],
          [
            -40.31673046911069,
            -5.164455384488902
          ],
          [
            -40.38028269008073,
            -5.074096905528935
          ],
          [
            -40.43929319578799,
            -4.980738005638789
          ],
          [
            -40.49362155306748,
            -4.8846045876907755
          ],
          [
            -40.54313879438401,
            -4.785929129147375
          ],
          [
            -40.58772769999737,
            -4.684950113707347
          ],
          [
            -40.62728305050649,
            -4.581911450348087
          ],
          [
            -40.66171184966532,
            -4.477061881203346
          ],
          [
            -40.6909335174333,
            -4.37065437970872
          ],
          [
            -40.71488005328337,
            -4.262945540437995
          ],
          [
            -40.7334961698426,
            -4.1541949620421095
          ],
          [
            -40.74673939698404,
            -4.04466462468979
          ],
          [
            -40.754580156524064,
            -3.9346182633954268
          ],
          [
            -40.75700180770921,
            -3.8243207386058815
          ],
          [
            -40.75400066369933,
            -3.714037405404184
          ],
          [
            -40.74558597927263,
            -3.604033482674737
          ],
          [
            -40.731779909992916,
            -3.4945734235620036
          ],
          [
            -40.712617443091474,
            -3.385920288542922
          ],
          [
            -40.688146300326714,
            -3.2783351224224346
          ],
          [
            -40.65842681309525,
            -3.1720763365517435
          ],
          [
            -40.623531770079424,
            -3.06739909755984
          ],
          [
            -40.58354623772919,
            -2.964554723880637
          ],
          [
            -40.538567353892915,
            -2.863790091350168
          ],
          [
            -40.48870409493097,
            -2.7653470491406247
          ],
          [
            -40.43407701667066,
            -2.669461847290098
          ],
          [
            -40.37481796959078,
            -2.5763645770782606
          ],
          [
            -40.31106978865856,
            -2.486278625488498
          ],
          [
            -40.242985958283725,
            -2.399420144985648
          ],
          [
            -40.17073025290074,
            -2.315997539824992
          ],
          [
            -40.0944763537438,
            -2.236210970091954
          ],
          [
            -40.01440744243803,
            -2.1602518746526953
          ],
          [
            -39.93071577209437,
            -2.088302514172761
          ],
          [
            -39.84360221666531,
            -2.020535535333927
          ],
          [
            -39.75327579939122,
            -1.957113557347828
          ],
          [
            -39.65995320124453,
            -1.8981887818285594
          ],
          [
            -39.56385825035724,
            -1.8439026270450285
          ],
          [
            -39.46522139349806,
            -1.7943853875269868
          ],
          [
            -39.36427915074571,
            -1.7497559199465458
          ],
          [
            -39.26127355458448,
            -1.7101213561393414
          ],
          [
            -39.15645157472539,
            -1.6755768440665408
          ],
          [
            -39.05006453002986,
            -1.6462053174506697
          ],
          [
            -38.942367488982164,
            -1.6220772947451314
          ],
          [
            -38.83361866022002,
            -1.6032507080194853
          ],
          [
            -38.72407877468926,
            -1.5897707622606323
          ],
          [
            -38.61401046103707,
            -1.5816698255043888
          ],
          [
            -38.50367761589822,
            -1.5789673501231876
          ]
        ]
      }
    },
    {
      "type": "Feature",
      "properties": {
        "name": "FILIAL TEIXEIRA DE FREITAS",
        "radius_km": 250.0,
        "Legenda_Raio": "Filial",
        "Tipo": "Filial",
        "GrupoRaio": "250km"
      },
      "geometry": {
        "type": "LineString",
        "coordinates": [
          [
            -39.715248707662454,
            -15.291130677575788
          ],
          [
            -39.60090864827433,
            -15.293807056583509
          ],
          [
            -39.48683484239039,
            -15.301829950837416
          ],
          [
            -39.37329297759282,
            -15.315180645522812
          ],
          [
            -39.26054761052087,
            -15.333827994232509
          ],
          [
            -39.14886160364941,
            -15.357728486301195
          ],
          [
            -39.038495564759764,
            -15.38682634089091
          ],
          [
            -38.92970728998757,
            -15.42105362764641
          ],
          [
            -38.82275121132227,
            -15.46033041368929
          ],
          [
            -38.71787784942082,
            -15.504564936671384
          ],
          [
            -38.61533327258467,
            -15.553653803561005
          ],
          [
            -38.51535856273503,
            -15.60748221479062
          ],
          [
            -38.418189289206765,
            -15.665924213351406
          ],
          [
            -38.324054991167365,
            -15.728842958379175
          ],
          [
            -38.23317866945411,
            -15.796091022737036
          ],
          [
            -38.14577628861128,
            -15.867510714063316
          ],
          [
            -38.062056289899985,
            -15.942934418718265
          ],
          [
            -37.98221911604685,
            -16.022184968029794
          ],
          [
            -37.906456748494975,
            -16.105076026207172
          ],
          [
            -37.834952257921415,
            -16.191412499261222
          ],
          [
            -37.7678793687907,
            -16.28099096424058
          ],
          [
            -37.705402038723626,
            -16.37360011806532
          ],
          [
            -37.64767405347479,
            -16.46902124521115
          ],
          [
            -37.594838638331815,
            -16.567028703469628
          ],
          [
            -37.54702808677219,
            -16.66739042698134
          ],
          [
            -37.504363407242245,
            -16.769868445709935
          ],
          [
            -37.466953988953925,
            -16.874219420494484
          ],
          [
            -37.434897287630434,
            -16.980195192785658
          ],
          [
            -37.408278532168794,
            -17.087543348137267
          ],
          [
            -37.3871704532265,
            -17.19600779248857
          ],
          [
            -37.371633034778604,
            -17.305329340233996
          ],
          [
            -37.36171328972985,
            -17.415246313035496
          ],
          [
            -37.357445060702844,
            -17.5254951482885
          ],
          [
            -37.35884884715554,
            -17.635811016105347
          ],
          [
            -37.36593166000837,
            -17.745928443630135
          ],
          [
            -37.37868690498163,
            -17.855581945446385
          ],
          [
            -37.39709429585512,
            -17.964506658784085
          ],
          [
            -37.42111979886311,
            -18.072438982175747
          ],
          [
            -37.45071560942696,
            -18.179117216152886
          ],
          [
            -37.4858201624029,
            -18.28428220451499
          ],
          [
            -37.526358176983216,
            -18.38767797464392
          ],
          [
            -37.57224073733253,
            -18.48905237527788
          ],
          [
            -37.62336540996769,
            -18.588157710102113
          ],
          [
            -37.67961639879717,
            -18.684751365459018
          ],
          [
            -37.740864738624765,
            -18.778596430429687
          ],
          [
            -37.806968527791405,
            -18.86946230749261
          ],
          [
            -37.87777320047873,
            -18.957125311925648
          ],
          [
            -37.9531118390284,
            -19.041369258083982
          ],
          [
            -38.03280552644346,
            -19.121986030662427
          ],
          [
            -38.11666373903277,
            -19.19877613903497
          ],
          [
            -38.20448477893893,
            -19.271549252759648
          ],
          [
            -38.29605624605537,
            -19.34012471634337
          ],
          [
            -38.39115554859235,
            -19.40433204138023
          ],
          [
            -38.489550451296566,
            -19.464011374208454
          ],
          [
            -38.59099966006884,
            -19.519013937276977
          ],
          [
            -38.69525344146047,
            -19.569202442471457
          ],
          [
            -38.802054275267224,
            -19.61445147472358
          ],
          [
            -38.91113753818141,
            -19.65464784431486
          ],
          [
            -39.02223221621341,
            -19.68969090638781
          ],
          [
            -39.13506164335616,
            -19.719492846292514
          ],
          [
            -39.24934426374366,
            -19.74397892952418
          ],
          [
            -39.36479441435206,
            -19.763087715147194
          ],
          [
            -39.481123125110564,
            -19.776771231751482
          ],
          [
            -39.598038933134184,
            -19.784995115146916
          ],
          [
            -39.715248707662454,
            -19.78773870716944
          ],
          [
            -39.832458482190724,
            -19.784995115146916
          ],
          [
            -39.949374290214344,
            -19.776771231751482
          ],
          [
            -40.06570300097285,
            -19.763087715147194
          ],
          [
            -40.181153151581256,
            -19.74397892952418
          ],
          [
            -40.295435771968755,
            -19.719492846292514
          ],
          [
            -40.4082651991115,
            -19.68969090638781
          ],
          [
            -40.51935987714351,
            -19.65464784431486
          ],
          [
            -40.62844314005768,
            -19.61445147472358
          ],
          [
            -40.735243973864435,
            -19.569202442471457
          ],
          [
            -40.839497755256076,
            -19.519013937276977
          ],
          [
            -40.94094696402834,
            -19.464011374208454
          ],
          [
            -41.03934186673256,
            -19.40433204138023
          ],
          [
            -41.134441169269536,
            -19.34012471634337
          ],
          [
            -41.22601263638598,
            -19.271549252759648
          ],
          [
            -41.31383367629214,
            -19.19877613903497
          ],
          [
            -41.39769188888145,
            -19.121986030662427
          ],
          [
            -41.477385576296506,
            -19.041369258083982
          ],
          [
            -41.55272421484618,
            -18.957125311925648
          ],
          [
            -41.6235288875335,
            -18.86946230749261
          ],
          [
            -41.68963267670014,
            -18.778596430429687
          ],
          [
            -41.750881016527735,
            -18.684751365459018
          ],
          [
            -41.80713200535722,
            -18.588157710102113
          ],
          [
            -41.85825667799238,
            -18.489052375277883
          ],
          [
            -41.9041392383417,
            -18.38767797464392
          ],
          [
            -41.944677252922006,
            -18.28428220451499
          ],
          [
            -41.97978180589796,
            -18.179117216152886
          ],
          [
            -42.0093776164618,
            -18.072438982175747
          ],
          [
            -42.03340311946979,
            -17.964506658784085
          ],
          [
            -42.05181051034328,
            -17.855581945446385
          ],
          [
            -42.064565755316536,
            -17.745928443630135
          ],
          [
            -42.07164856816937,
            -17.635811016105347
          ],
          [
            -42.07305235462207,
            -17.5254951482885
          ],
          [
            -42.068784125595066,
            -17.415246313035496
          ],
          [
            -42.058864380546304,
            -17.305329340233996
          ],
          [
            -42.043326962098405,
            -17.19600779248857
          ],
          [
            -42.02221888315612,
            -17.087543348137267
          ],
          [
            -41.99560012769447,
            -16.980195192785658
          ],
          [
            -41.96354342637099,
            -16.874219420494484
          ],
          [
            -41.92613400808267,
            -16.769868445709935
          ],
          [
            -41.883469328552714,
            -16.66739042698134
          ],
          [
            -41.8356587769931,
            -16.567028703469628
          ],
          [
            -41.78282336185012,
            -16.46902124521115
          ],
          [
            -41.72509537660129,
            -16.37360011806532
          ],
          [
            -41.662618046534206,
            -16.28099096424058
          ],
          [
            -41.59554515740349,
            -16.191412499261222
          ],
          [
            -41.52404066682994,
            -16.105076026207172
          ],
          [
            -41.44827829927806,
            -16.022184968029794
          ],
          [
            -41.36844112542492,
            -15.942934418718265
          ],
          [
            -41.28472112671363,
            -15.867510714063316
          ],
          [
            -41.1973187458708,
            -15.796091022737036
          ],
          [
            -41.10644242415755,
            -15.728842958379175
          ],
          [
            -41.01230812611814,
            -15.665924213351406
          ],
          [
            -40.91513885258988,
            -15.60748221479062
          ],
          [
            -40.81516414274024,
            -15.553653803561005
          ],
          [
            -40.71261956590409,
            -15.504564936671384
          ],
          [
            -40.60774620400264,
            -15.46033041368929
          ],
          [
            -40.50079012533734,
            -15.42105362764641
          ],
          [
            -40.392001850565144,
            -15.38682634089091
          ],
          [
            -40.2816358116755,
            -15.357728486301195
          ],
          [
            -40.16994980480404,
            -15.333827994232509
          ],
          [
            -40.05720443773209,
            -15.315180645522812
          ],
          [
            -39.94366257293452,
            -15.301829950837416
          ],
          [
            -39.82958876705058,
            -15.293807056583509
          ],
          [
            -39.715248707662454,
            -15.291130677575788
          ]
        ]
      }
    },
    {
      "type": "Feature",
      "properties": {
        "name": "FILIAL SÃO LUIS",
        "radius_km": 250.0,
        "Legenda_Raio": "Filial",
        "Tipo": "Filial",
        "GrupoRaio": "250km"
      },
      "geometry": {
        "type": "LineString",
        "coordinates": [
          [
            -44.28078632064607,
            -0.40131770495621294
          ],
          [
            -44.17049277063809,
            -0.4040223628917518
          ],
          [
            -44.06046429850371,
            -0.41212982635882167
          ],
          [
            -43.95096533980625,
            -0.42562058033015115
          ],
          [
            -43.84225904728229,
            -0.4444621530155831
          ],
          [
            -43.73460665390152,
            -0.46860919557302827
          ],
          [
            -43.6282668412633,
            -0.49800359336121125
          ],
          [
            -43.523495115056804,
            -0.5325746083948633
          ],
          [
            -43.420543189269345,
            -0.5722390525706326
          ],
          [
            -43.31965838077402,
            -0.6169014911428802
          ],
          [
            -43.221083015867634,
            -0.6664544758433781
          ],
          [
            -43.12505385026103,
            -0.7207788069581655
          ],
          [
            -43.03180150394919,
            -0.7797438235990272
          ],
          [
            -42.94154991230873,
            -0.8432077213364567
          ],
          [
            -42.8545157946865,
            -0.911017896295973
          ],
          [
            -42.770908141656804,
            -0.983011314760316
          ],
          [
            -42.69092772203701,
            -1.0590149072665538
          ],
          [
            -42.61476661066388,
            -1.138845986139366
          ],
          [
            -42.54260773784653,
            -1.2223126853597022
          ],
          [
            -42.474624461327885,
            -1.309214421631403
          ],
          [
            -42.41098016150571,
            -1.3993423754769523
          ],
          [
            -42.351827860588244,
            -1.4924799911669602
          ],
          [
            -42.29730986628769,
            -1.5884034942658456
          ],
          [
            -42.24755744058948,
            -1.6868824255580284
          ],
          [
            -42.20269049407528,
            -1.787680190104246
          ],
          [
            -42.16281730622458,
            -1.8905546201659205
          ],
          [
            -42.128034272072924,
            -1.9952585507261706
          ],
          [
            -42.098425675563824,
            -2.1015404063286764
          ],
          [
            -42.07406348989754,
            -2.2091447979495653
          ],
          [
            -42.05500720515045,
            -2.3178131286123365
          ],
          [
            -42.041303683415265,
            -2.4272842064511235
          ],
          [
            -42.032987041692444,
            -2.5372948639229307
          ],
          [
            -42.0300785627474,
            -2.647580581864437
          ],
          [
            -42.03258663413409,
            -2.7578761170834647
          ],
          [
            -42.04050671557367,
            -2.8679161321688054
          ],
          [
            -42.053821334864644,
            -2.977435826194898
          ],
          [
            -42.07250011248861,
            -3.0861715649897232
          ],
          [
            -42.096499815060675,
            -3.19386150962525
          ],
          [
            -42.12576443775611,
            -3.3002462417801297
          ],
          [
            -42.16022531582257,
            -3.4050693846141082
          ],
          [
            -42.199801265260284,
            -3.508078217783339
          ],
          [
            -42.244398752719135,
            -3.609024285215698
          ],
          [
            -42.2939120946214,
            -3.7076639942557876
          ],
          [
            -42.34822368547095,
            -3.8037592047811692
          ],
          [
            -42.40720425525396,
            -3.897077806885
          ],
          [
            -42.47071315577162,
            -3.987394285716245
          ],
          [
            -42.53859867567244,
            -4.074490272067714
          ],
          [
            -42.61069838387032,
            -4.158155077304925
          ],
          [
            -42.68683950094493,
            -4.238186211235809
          ],
          [
            -42.76683929802326,
            -4.314389881533335
          ],
          [
            -42.850505522537205,
            -4.386581473340574
          ],
          [
            -42.937636850140684,
            -4.454586007711389
          ],
          [
            -43.028023361954645,
            -4.518238577570011
          ],
          [
            -43.121447046188216,
            -4.577384759909826
          ],
          [
            -43.217682323062334,
            -4.631881002996053
          ],
          [
            -43.31649659183886,
            -4.6815949873886735
          ],
          [
            -43.41765079863591,
            -4.726405959661362
          ],
          [
            -43.52090002358961,
            -4.766205037759005
          ],
          [
            -43.625994085806795,
            -4.800895487010658
          ],
          [
            -43.73267816444198,
            -4.830392965896245
          ],
          [
            -43.84069343412961,
            -4.854625740753558
          ],
          [
            -43.94977771290779,
            -4.873534868706638
          ],
          [
            -44.05966612068624,
            -4.8870743481968875
          ],
          [
            -44.17009174623937,
            -4.89521123660357
          ],
          [
            -44.28078632064607,
            -4.897925734549865
          ],
          [
            -44.391480895052766,
            -4.89521123660357
          ],
          [
            -44.50190652060591,
            -4.887074348196888
          ],
          [
            -44.61179492838435,
            -4.873534868706638
          ],
          [
            -44.72087920716253,
            -4.854625740753558
          ],
          [
            -44.82889447685017,
            -4.830392965896245
          ],
          [
            -44.93557855548535,
            -4.800895487010659
          ],
          [
            -45.04067261770253,
            -4.766205037759005
          ],
          [
            -45.14392184265623,
            -4.726405959661362
          ],
          [
            -45.24507604945328,
            -4.6815949873886735
          ],
          [
            -45.34389031822981,
            -4.631881002996053
          ],
          [
            -45.44012559510393,
            -4.577384759909826
          ],
          [
            -45.5335492793375,
            -4.518238577570011
          ],
          [
            -45.62393579115145,
            -4.45458600771139
          ],
          [
            -45.71106711875493,
            -4.386581473340574
          ],
          [
            -45.79473334326888,
            -4.314389881533335
          ],
          [
            -45.87473314034722,
            -4.23818621123581
          ],
          [
            -45.950874257421816,
            -4.158155077304926
          ],
          [
            -46.022973965619705,
            -4.074490272067716
          ],
          [
            -46.090859485520525,
            -3.987394285716245
          ],
          [
            -46.154368386038186,
            -3.897077806885
          ],
          [
            -46.213348955821196,
            -3.8037592047811692
          ],
          [
            -46.26766054667074,
            -3.707663994255788
          ],
          [
            -46.31717388857301,
            -3.6090242852156997
          ],
          [
            -46.36177137603186,
            -3.5080782177833405
          ],
          [
            -46.40134732546957,
            -3.4050693846141082
          ],
          [
            -46.435808203536034,
            -3.3002462417801306
          ],
          [
            -46.46507282623147,
            -3.1938615096252505
          ],
          [
            -46.48907252880353,
            -3.086171564989724
          ],
          [
            -46.5077513064275,
            -2.9774358261948994
          ],
          [
            -46.521065925718474,
            -2.867916132168805
          ],
          [
            -46.52898600715805,
            -2.7578761170834647
          ],
          [
            -46.531494078544746,
            -2.6475805818644376
          ],
          [
            -46.5285855995997,
            -2.5372948639229316
          ],
          [
            -46.52026895787687,
            -2.4272842064511253
          ],
          [
            -46.50656543614169,
            -2.317813128612336
          ],
          [
            -46.487509151394605,
            -2.2091447979495653
          ],
          [
            -46.46314696572832,
            -2.1015404063286773
          ],
          [
            -46.43353836921922,
            -1.9952585507261715
          ],
          [
            -46.398755335067555,
            -1.8905546201659216
          ],
          [
            -46.35888214721687,
            -1.7876801901042456
          ],
          [
            -46.31401520070266,
            -1.6868824255580286
          ],
          [
            -46.264262775004454,
            -1.588403494265846
          ],
          [
            -46.2097447807039,
            -1.4924799911669604
          ],
          [
            -46.15059247978643,
            -1.3993423754769532
          ],
          [
            -46.08694817996426,
            -1.3092144216314043
          ],
          [
            -46.01896490344561,
            -1.222312685359702
          ],
          [
            -45.94680603062827,
            -1.138845986139366
          ],
          [
            -45.870644919255135,
            -1.0590149072665542
          ],
          [
            -45.79066449963534,
            -0.9830113147603164
          ],
          [
            -45.707056846605646,
            -0.9110178962959737
          ],
          [
            -45.620022728983415,
            -0.8432077213364567
          ],
          [
            -45.529771137342955,
            -0.7797438235990272
          ],
          [
            -45.43651879103111,
            -0.720778806958166
          ],
          [
            -45.34048962542451,
            -0.6664544758433785
          ],
          [
            -45.24191426051813,
            -0.616901491142881
          ],
          [
            -45.1410294520228,
            -0.5722390525706329
          ],
          [
            -45.038077526235334,
            -0.5325746083948633
          ],
          [
            -44.93330580002885,
            -0.49800359336121125
          ],
          [
            -44.82696598739062,
            -0.46860919557302827
          ],
          [
            -44.71931359400986,
            -0.4444621530155831
          ],
          [
            -44.61060730148589,
            -0.42562058033015115
          ],
          [
            -44.501108342788434,
            -0.41212982635882167
          ],
          [
            -44.39107987065405,
            -0.4040223628917518
          ],
          [
            -44.28078632064607,
            -0.40131770495621294
          ]
        ]
      }
    },
    {
      "type": "Feature",
      "properties": {
        "name": "FILIAL APARECIDA DE GOIANIA",
        "radius_km": 250.0,
        "Legenda_Raio": "Filial",
        "Tipo": "Filial",
        "GrupoRaio": "250km"
      },
      "geometry": {
        "type": "LineString",
        "coordinates": [
          [
            -49.24031609234344,
            -14.501199764496558
          ],
          [
            -49.126394683502355,
            -14.50387771062953
          ],
          [
            -49.01273902224579,
            -14.51190529165171
          ],
          [
            -48.89961428697208,
            -14.525263749058023
          ],
          [
            -48.78728451865294,
            -14.543921864062929
          ],
          [
            -48.67601205448115,
            -14.567836025589314
          ],
          [
            -48.56605696434283,
            -14.596950325262432
          ],
          [
            -48.45767649104144,
            -14.63119667921991
          ],
          [
            -48.35112449518892,
            -14.670494976496867
          ],
          [
            -48.246650905665874,
            -14.714753253694667
          ],
          [
            -48.14450117653686,
            -14.763867895593112
          ],
          [
            -48.04491575129061,
            -14.817723861318935
          ],
          [
            -47.94812953525722,
            -14.876194935638756
          ],
          [
            -47.854371377038085,
            -14.939144004901959
          ],
          [
            -47.763863559767174,
            -15.006423357118635
          ],
          [
            -47.67682130300795,
            -15.077875005619447
          ],
          [
            -47.59345227607698,
            -15.15333103570829
          ],
          [
            -47.513956123575284,
            -15.232613973684504
          ],
          [
            -47.438524003901314,
            -15.315537177579118
          ],
          [
            -47.36733814151651,
            -15.401905248918963
          ],
          [
            -47.300571393734685,
            -15.491514464803005
          ],
          [
            -47.23838683281247,
            -15.584153229546866
          ],
          [
            -47.18093734412733,
            -15.679602545123487
          ],
          [
            -47.12836524124431,
            -15.777636499600364
          ],
          [
            -47.08080189869197,
            -15.878022772745709
          ],
          [
            -47.03836740329078,
            -15.980523157947598
          ],
          [
            -47.00117022490465,
            -16.084894099560344
          ],
          [
            -46.969306907516724,
            -16.19088724476174
          ],
          [
            -46.94286178156315,
            -16.298250008971827
          ],
          [
            -46.92190669849334,
            -16.406726153849267
          ],
          [
            -46.90650078856006,
            -16.516056376844187
          ],
          [
            -46.89669024287731,
            -16.625978911246854
          ],
          [
            -46.89250812081593,
            -16.73623013562901
          ],
          [
            -46.893974183836185,
            -16.846545191530115
          ],
          [
            -46.90109475688027,
            -16.95665860819264
          ],
          [
            -46.91386261846502,
            -17.06630493310084
          ],
          [
            -46.93225692062422,
            -17.17521936702495
          ],
          [
            -46.95624313984916,
            -17.283138402218515
          ],
          [
            -46.985773060163645,
            -17.389800462361094
          ],
          [
            -47.02078478944454,
            -17.494946542782255
          ],
          [
            -47.061202810058916,
            -17.598320849446196
          ],
          [
            -47.106938064833486,
            -17.699671435120813
          ],
          [
            -47.157888079299525,
            -17.79875083110069
          ],
          [
            -47.21393712106615,
            -17.895316672802014
          ],
          [
            -47.2749563970666,
            -17.989132317499553
          ],
          [
            -47.34080428929461,
            -18.079967452432214
          ],
          [
            -47.41132662950227,
            -18.167598691466633
          ],
          [
            -47.48635701316655,
            -18.25181015847732
          ],
          [
            -47.565717152849565,
            -18.332394055579588
          ],
          [
            -47.64921727087987,
            -18.40915121433802
          ],
          [
            -47.73665653106806,
            -18.481891628070073
          ],
          [
            -47.82782350894419,
            -18.550434963372155
          ],
          [
            -47.922496699766626,
            -18.61461104901551
          ],
          [
            -48.020445063306425,
            -18.674260340391495
          ],
          [
            -48.12142860416021,
            -18.72923435773143
          ],
          [
            -48.225198986090696,
            -18.779396096385558
          ],
          [
            -48.33150017864165,
            -18.824620407518204
          ],
          [
            -48.44006913402573,
            -18.864794347663043
          ],
          [
            -48.5506364920435,
            -18.899817495682328
          ],
          [
            -48.66292731056335,
            -18.92960223578711
          ],
          [
            -48.7766618188781,
            -18.954074005400717
          ],
          [
            -48.89155619105941,
            -18.973171506785096
          ],
          [
            -49.00732333625646,
            -18.98684688149658
          ],
          [
            -49.12367370273675,
            -18.995065846894505
          ],
          [
            -49.24031609234344,
            -18.99780779409021
          ],
          [
            -49.35695848195013,
            -18.995065846894505
          ],
          [
            -49.47330884843042,
            -18.986846881496582
          ],
          [
            -49.589075993627475,
            -18.973171506785096
          ],
          [
            -49.70397036580878,
            -18.954074005400717
          ],
          [
            -49.81770487412354,
            -18.92960223578711
          ],
          [
            -49.92999569264338,
            -18.899817495682328
          ],
          [
            -50.040563050661156,
            -18.864794347663043
          ],
          [
            -50.149132006045235,
            -18.824620407518204
          ],
          [
            -50.25543319859619,
            -18.779396096385558
          ],
          [
            -50.359203580526675,
            -18.72923435773143
          ],
          [
            -50.46018712138046,
            -18.674260340391495
          ],
          [
            -50.55813548492026,
            -18.61461104901551
          ],
          [
            -50.65280867574269,
            -18.550434963372155
          ],
          [
            -50.743975653618826,
            -18.481891628070073
          ],
          [
            -50.83141491380701,
            -18.40915121433802
          ],
          [
            -50.91491503183732,
            -18.332394055579588
          ],
          [
            -50.994275171520336,
            -18.25181015847732
          ],
          [
            -51.069305555184606,
            -18.167598691466633
          ],
          [
            -51.13982789539227,
            -18.079967452432214
          ],
          [
            -51.20567578762029,
            -17.989132317499553
          ],
          [
            -51.26669506362073,
            -17.895316672802014
          ],
          [
            -51.32274410538736,
            -17.79875083110069
          ],
          [
            -51.3736941198534,
            -17.699671435120813
          ],
          [
            -51.419429374627974,
            -17.598320849446196
          ],
          [
            -51.45984739524234,
            -17.494946542782255
          ],
          [
            -51.49485912452324,
            -17.389800462361094
          ],
          [
            -51.524389044837726,
            -17.28313840221852
          ],
          [
            -51.54837526406266,
            -17.17521936702495
          ],
          [
            -51.566769566221865,
            -17.06630493310084
          ],
          [
            -51.57953742780661,
            -16.956658608192637
          ],
          [
            -51.5866580008507,
            -16.846545191530115
          ],
          [
            -51.58812406387095,
            -16.73623013562901
          ],
          [
            -51.58394194180957,
            -16.625978911246854
          ],
          [
            -51.57413139612682,
            -16.51605637684419
          ],
          [
            -51.558725486193545,
            -16.406726153849267
          ],
          [
            -51.53777040312374,
            -16.298250008971827
          ],
          [
            -51.511325277170165,
            -16.190887244761743
          ],
          [
            -51.479461959782235,
            -16.084894099560344
          ],
          [
            -51.442264781396105,
            -15.980523157947601
          ],
          [
            -51.39983028599491,
            -15.878022772745709
          ],
          [
            -51.35226694344257,
            -15.777636499600364
          ],
          [
            -51.29969484055955,
            -15.679602545123487
          ],
          [
            -51.24224535187441,
            -15.584153229546866
          ],
          [
            -51.180060790952204,
            -15.491514464803005
          ],
          [
            -51.11329404317037,
            -15.401905248918963
          ],
          [
            -51.04210818078556,
            -15.315537177579118
          ],
          [
            -50.9666760611116,
            -15.232613973684504
          ],
          [
            -50.8871799086099,
            -15.15333103570829
          ],
          [
            -50.803810881678935,
            -15.077875005619447
          ],
          [
            -50.71676862491971,
            -15.006423357118639
          ],
          [
            -50.6262608076488,
            -14.939144004901959
          ],
          [
            -50.53250264942966,
            -14.876194935638756
          ],
          [
            -50.43571643339627,
            -14.817723861318935
          ],
          [
            -50.33613100815002,
            -14.763867895593112
          ],
          [
            -50.233981279021016,
            -14.714753253694667
          ],
          [
            -50.12950768949797,
            -14.670494976496867
          ],
          [
            -50.02295569364544,
            -14.63119667921991
          ],
          [
            -49.914575220344055,
            -14.596950325262432
          ],
          [
            -49.80462013020574,
            -14.567836025589314
          ],
          [
            -49.693347666033944,
            -14.543921864062929
          ],
          [
            -49.5810178977148,
            -14.525263749058023
          ],
          [
            -49.467893162441094,
            -14.51190529165171
          ],
          [
            -49.35423750118453,
            -14.50387771062953
          ],
          [
            -49.24031609234344,
            -14.501199764496558
          ]
        ]
      }
    },
    {
      "type": "Feature",
      "properties": {
        "name": "FILIAL CAMPINA GRANDE",
        "radius_km": 250.0,
        "Legenda_Raio": "Filial",
        "Tipo": "Filial",
        "GrupoRaio": "250km"
      },
      "geometry": {
        "type": "LineString",
        "coordinates": [
          [
            -35.8871575981423,
            -4.997916230766252
          ],
          [
            -35.776445393222986,
            -5.000612349036885
          ],
          [
            -35.66599676029515,
            -5.008694275200538
          ],
          [
            -35.556074656548475,
            -5.022142738523207
          ],
          [
            -35.44694081106909,
            -5.040925671775602
          ],
          [
            -35.338855114529885,
            -5.064998287078674
          ],
          [
            -35.23207501334826,
            -5.094303181797285
          ],
          [
            -35.12685490976292,
            -5.128770474194573
          ],
          [
            -35.02344556924962,
            -5.168317968480999
          ],
          [
            -34.922093536657805,
            -5.212851348816204
          ],
          [
            -34.823040562405815,
            -5.2622644017489035
          ],
          [
            -34.72652304002298,
            -5.316439266510806
          ],
          [
            -34.632771456273346,
            -5.375246712515014
          ],
          [
            -34.54200985503852,
            -5.438546443347986
          ],
          [
            -34.45445531607808,
            -5.506187426487158
          ],
          [
            -34.37031744972509,
            -5.578008247923585
          ],
          [
            -34.2897979085135,
            -5.6538374908208855
          ],
          [
            -34.21308991667389,
            -5.73349413729791
          ],
          [
            -34.14037781837553,
            -5.816787992383126
          ],
          [
            -34.071836645536635,
            -5.903520129153232
          ],
          [
            -34.00763170597195,
            -5.993483354036963
          ],
          [
            -33.94791819259808,
            -6.086462691236847
          ],
          [
            -33.89284081437259,
            -6.182235885196772
          ],
          [
            -33.842533449603664,
            -6.280573920020773
          ],
          [
            -33.797118822232555,
            -6.381241554728482
          ],
          [
            -33.75670820166234,
            -6.483997873214376
          ],
          [
            -33.72140112668227,
            -6.58859684776093
          ],
          [
            -33.69128515401811,
            -6.694787914939806
          ],
          [
            -33.66643563202423,
            -6.8023165627193976
          ],
          [
            -33.64691550002247,
            -6.910924927581443
          ],
          [
            -33.632775113785485,
            -7.020352400433377
          ],
          [
            -33.62405209765697,
            -7.130336240086334
          ],
          [
            -33.6207712237977,
            -7.24061219305113
          ],
          [
            -33.6229443190426,
            -7.350915118385772
          ],
          [
            -33.63057019985029,
            -7.460979616308093
          ],
          [
            -33.64363463582011,
            -7.570540659265946
          ],
          [
            -33.662110342242315,
            -7.679334224135092
          ],
          [
            -33.68595700213345,
            -7.7870979241915315
          ],
          [
            -33.71512131818923,
            -7.8935716394811015
          ],
          [
            -33.749537095061356,
            -7.9984981441846505
          ],
          [
            -33.78912535233006,
            -8.10162372955276
          ],
          [
            -33.83379446850196,
            -8.202698820960176
          ],
          [
            -33.88344035630945,
            -8.301478587607427
          ],
          [
            -33.937946669525736,
            -8.397723543376172
          ],
          [
            -33.997185041435344,
            -8.491200137326514
          ],
          [
            -34.06101535501567,
            -8.581681332309234
          ],
          [
            -34.12928604478915,
            -8.668947170154738
          ],
          [
            -34.20183443019887,
            -8.752785321894129
          ],
          [
            -34.2784870802435,
            -8.83299162146676
          ],
          [
            -34.35906020897997,
            -8.90937058137407
          ],
          [
            -34.44336010136703,
            -8.981735888751688
          ],
          [
            -34.531183568778694,
            -9.049910880351698
          ],
          [
            -34.622318433366964,
            -9.113728994954894
          ],
          [
            -34.71654404029837,
            -9.17303420176945
          ],
          [
            -34.8136317967313,
            -9.227681403418
          ],
          [
            -34.91334573624235,
            -9.277536812169808
          ],
          [
            -35.01544310725222,
            -9.32247829813881
          ],
          [
            -35.119674983847034,
            -9.362395708241602
          ],
          [
            -35.225786897241726,
            -9.397191154791916
          ],
          [
            -35.333519485990166,
            -9.42677927269931
          ],
          [
            -35.442609162914394,
            -9.451087444339432
          ],
          [
            -35.55278879660446,
            -9.47005599127047
          ],
          [
            -35.66378840523314,
            -9.483638332084757
          ],
          [
            -35.775335860337336,
            -9.491801105804965
          ],
          [
            -35.8871575981423,
            -9.494524260359906
          ],
          [
            -35.99897933594727,
            -9.491801105804965
          ],
          [
            -36.11052679105146,
            -9.483638332084759
          ],
          [
            -36.221526399680144,
            -9.47005599127047
          ],
          [
            -36.33170603337021,
            -9.451087444339432
          ],
          [
            -36.44079571029443,
            -9.42677927269931
          ],
          [
            -36.54852829904287,
            -9.397191154791916
          ],
          [
            -36.65464021243756,
            -9.362395708241602
          ],
          [
            -36.75887208903239,
            -9.32247829813881
          ],
          [
            -36.860969460042256,
            -9.277536812169808
          ],
          [
            -36.960683399553304,
            -9.227681403418
          ],
          [
            -37.05777115598623,
            -9.17303420176945
          ],
          [
            -37.15199676291764,
            -9.113728994954894
          ],
          [
            -37.24313162750591,
            -9.049910880351698
          ],
          [
            -37.33095509491758,
            -8.981735888751688
          ],
          [
            -37.415254987304635,
            -8.90937058137407
          ],
          [
            -37.4958281160411,
            -8.83299162146676
          ],
          [
            -37.57248076608573,
            -8.75278532189413
          ],
          [
            -37.64502915149546,
            -8.66894717015474
          ],
          [
            -37.713299841268935,
            -8.581681332309232
          ],
          [
            -37.77713015484926,
            -8.491200137326514
          ],
          [
            -37.83636852675886,
            -8.397723543376172
          ],
          [
            -37.890874839975154,
            -8.301478587607427
          ],
          [
            -37.94052072778265,
            -8.202698820960178
          ],
          [
            -37.985189843954544,
            -8.10162372955276
          ],
          [
            -38.02477810122325,
            -7.9984981441846505
          ],
          [
            -38.05919387809537,
            -7.893571639481103
          ],
          [
            -38.088358194151155,
            -7.7870979241915315
          ],
          [
            -38.11220485404228,
            -7.6793342241350935
          ],
          [
            -38.13068056046449,
            -7.570540659265946
          ],
          [
            -38.143744996434314,
            -7.460979616308093
          ],
          [
            -38.151370877242,
            -7.350915118385772
          ],
          [
            -38.153543972486894,
            -7.24061219305113
          ],
          [
            -38.150263098627626,
            -7.130336240086335
          ],
          [
            -38.14154008249912,
            -7.020352400433379
          ],
          [
            -38.12739969626213,
            -6.910924927581443
          ],
          [
            -38.107879564260365,
            -6.8023165627193976
          ],
          [
            -38.08303004226649,
            -6.694787914939807
          ],
          [
            -38.05291406960234,
            -6.588596847760931
          ],
          [
            -38.01760699462226,
            -6.483997873214377
          ],
          [
            -37.97719637405204,
            -6.381241554728482
          ],
          [
            -37.93178174668093,
            -6.280573920020773
          ],
          [
            -37.881474381912014,
            -6.182235885196772
          ],
          [
            -37.82639700368652,
            -6.086462691236847
          ],
          [
            -37.76668349031265,
            -5.993483354036964
          ],
          [
            -37.70247855074796,
            -5.903520129153234
          ],
          [
            -37.63393737790907,
            -5.816787992383126
          ],
          [
            -37.56122527961071,
            -5.73349413729791
          ],
          [
            -37.4845172877711,
            -5.6538374908208855
          ],
          [
            -37.403997746559504,
            -5.578008247923586
          ],
          [
            -37.31985988020652,
            -5.506187426487159
          ],
          [
            -37.23230534124608,
            -5.438546443347986
          ],
          [
            -37.14154374001125,
            -5.375246712515014
          ],
          [
            -37.04779215626162,
            -5.316439266510806
          ],
          [
            -36.95127463387879,
            -5.2622644017489035
          ],
          [
            -36.8522216596268,
            -5.212851348816204
          ],
          [
            -36.75086962703499,
            -5.1683179684809994
          ],
          [
            -36.647460286521685,
            -5.128770474194573
          ],
          [
            -36.54224018293635,
            -5.094303181797285
          ],
          [
            -36.43546008175472,
            -5.064998287078674
          ],
          [
            -36.32737438521551,
            -5.040925671775602
          ],
          [
            -36.21824053973613,
            -5.022142738523208
          ],
          [
            -36.10831843598945,
            -5.008694275200538
          ],
          [
            -35.99786980306162,
            -5.000612349036885
          ],
          [
            -35.8871575981423,
            -4.997916230766252
          ]
        ]
      }
    },
    {
      "type": "Feature",
      "properties": {
        "name": "FILIAL RIO LARGO",
        "radius_km": 250.0,
        "Legenda_Raio": "Filial",
        "Tipo": "Filial",
        "GrupoRaio": "250km"
      },
      "geometry": {
        "type": "LineString",
        "coordinates": [
          [
            -35.80019804835471,
            -7.275178423172061
          ],
          [
            -35.68901145853411,
            -7.277870272982847
          ],
          [
            -35.578088313017815,
            -7.285939434309851
          ],
          [
            -35.467691453470366,
            -7.299366757666129
          ],
          [
            -35.35808251763922,
            -7.318120376632425
          ],
          [
            -35.24952134079534,
            -7.342155781812544
          ],
          [
            -35.14226536123358,
            -7.3714159241056825
          ],
          [
            -35.03656903115458,
            -7.405831347032816
          ],
          [
            -34.932683234223724,
            -7.445320347782258
          ],
          [
            -34.8308547110709,
            -7.489789166569957
          ],
          [
            -34.731325493958174,
            -7.539132203843144
          ],
          [
            -34.6343323518018,
            -7.593232264792112
          ],
          [
            -34.54010624669059,
            -7.65196083057452
          ],
          [
            -34.44887180299625,
            -7.7151783555996465
          ],
          [
            -34.3608467901229,
            -7.782734590167018
          ],
          [
            -34.276241619894044,
            -7.854468927704542
          ],
          [
            -34.19525885952682,
            -7.930210775805827
          ],
          [
            -34.11809276109536,
            -8.009779950224752
          ],
          [
            -34.04492880834012,
            -8.092987090947416
          ],
          [
            -33.975943281636326,
            -8.179634099426854
          ],
          [
            -33.91130284189606,
            -8.269514596034734
          ],
          [
            -33.851164134142074,
            -8.362414396755481
          ],
          [
            -33.795673411460875,
            -8.458112008122335
          ],
          [
            -33.74496618001563,
            -8.55637913937081
          ],
          [
            -33.69916686577784,
            -8.65698123076266
          ],
          [
            -33.65838850362007,
            -8.75967799701232
          ],
          [
            -33.62273244939913,
            -8.864223984727477
          ],
          [
            -33.59228811565194,
            -8.970369142755303
          ],
          [
            -33.567132731521525,
            -9.077859404305844
          ],
          [
            -33.547331127530136,
            -9.186437279703439
          ],
          [
            -33.53293554581779,
            -9.295842458595667
          ],
          [
            -33.523985476467715,
            -9.405812420426976
          ],
          [
            -33.52050752054358,
            -9.516083051960281
          ],
          [
            -33.52251528046643,
            -9.626389270604836
          ],
          [
            -33.53000927836011,
            -9.736465652281895
          ],
          [
            -33.54297690299213,
            -9.846047062531785
          ],
          [
            -33.561392385930084,
            -9.954869289536434
          ],
          [
            -33.58521680752197,
            -10.062669677700985
          ],
          [
            -33.614398133289335,
            -10.169187760406764
          ],
          [
            -33.648871281294944,
            -10.274165890516109
          ],
          [
            -33.688558221010105,
            -10.377349867177958
          ],
          [
            -33.73336810415988,
            -10.478489557452058
          ],
          [
            -33.78319742796631,
            -10.57733951124002
          ],
          [
            -33.837930231139985,
            -10.673659567983725
          ],
          [
            -33.89743832288806,
            -10.767215453566802
          ],
          [
            -33.96158154511201,
            -10.857779365833588
          ],
          [
            -34.03020806786118,
            -10.945130547123158
          ],
          [
            -34.10315471798825,
            -11.029055842204505
          ],
          [
            -34.18024734082135,
            -11.109350239993544
          ],
          [
            -34.261301194525,
            -11.185817397434043
          ],
          [
            -34.346121376668975,
            -11.25827014393383
          ],
          [
            -34.43450328236353,
            -11.32653096476512
          ],
          [
            -34.52623309315001,
            -11.390432461864378
          ],
          [
            -34.62108829566296,
            -11.44981779050308
          ],
          [
            -34.718838228901795,
            -11.504541070346693
          ],
          [
            -34.81924465877219,
            -11.554467769475162
          ],
          [
            -34.92206237837976,
            -11.59947506000449
          ],
          [
            -35.02703983238478,
            -11.63945214402559
          ],
          [
            -35.133919763558815,
            -11.674300548662966
          ],
          [
            -35.2424398795245,
            -11.703934389152234
          ],
          [
            -35.352333537510745,
            -11.72828059894077
          ],
          [
            -35.46333044481983,
            -11.747279125929795
          ],
          [
            -35.57515737258199,
            -11.760883094097906
          ],
          [
            -35.68753888026918,
            -11.76905892987449
          ],
          [
            -35.80019804835471,
            -11.771786452765715
          ],
          [
            -35.912857216440244,
            -11.76905892987449
          ],
          [
            -36.025238724127426,
            -11.760883094097906
          ],
          [
            -36.13706565188958,
            -11.747279125929795
          ],
          [
            -36.24806255919868,
            -11.72828059894077
          ],
          [
            -36.35795621718493,
            -11.703934389152234
          ],
          [
            -36.46647633315061,
            -11.674300548662966
          ],
          [
            -36.573356264324644,
            -11.63945214402559
          ],
          [
            -36.678333718329654,
            -11.59947506000449
          ],
          [
            -36.781151437937226,
            -11.554467769475162
          ],
          [
            -36.88155786780763,
            -11.504541070346693
          ],
          [
            -36.97930780104646,
            -11.44981779050308
          ],
          [
            -37.07416300355941,
            -11.390432461864378
          ],
          [
            -37.165892814345895,
            -11.32653096476512
          ],
          [
            -37.25427472004045,
            -11.25827014393383
          ],
          [
            -37.33909490218443,
            -11.185817397434045
          ],
          [
            -37.42014875588807,
            -11.109350239993546
          ],
          [
            -37.49724137872117,
            -11.029055842204505
          ],
          [
            -37.570188028848236,
            -10.94513054712316
          ],
          [
            -37.63881455159741,
            -10.857779365833588
          ],
          [
            -37.70295777382137,
            -10.767215453566804
          ],
          [
            -37.76246586556944,
            -10.673659567983725
          ],
          [
            -37.81719866874311,
            -10.577339511240021
          ],
          [
            -37.86702799254954,
            -10.47848955745206
          ],
          [
            -37.91183787569932,
            -10.377349867177958
          ],
          [
            -37.95152481541448,
            -10.274165890516109
          ],
          [
            -37.98599796342009,
            -10.169187760406764
          ],
          [
            -38.01517928918745,
            -10.062669677700987
          ],
          [
            -38.03900371077934,
            -9.954869289536434
          ],
          [
            -38.05741919371729,
            -9.846047062531786
          ],
          [
            -38.070386818349306,
            -9.736465652281895
          ],
          [
            -38.077880816242995,
            -9.626389270604836
          ],
          [
            -38.07988857616584,
            -9.516083051960281
          ],
          [
            -38.0764106202417,
            -9.405812420426976
          ],
          [
            -38.06746055089163,
            -9.295842458595668
          ],
          [
            -38.05306496917929,
            -9.186437279703439
          ],
          [
            -38.03326336518789,
            -9.077859404305844
          ],
          [
            -38.008107981057485,
            -8.970369142755303
          ],
          [
            -37.977663647310294,
            -8.864223984727479
          ],
          [
            -37.94200759308936,
            -8.759677997012322
          ],
          [
            -37.90122923093158,
            -8.65698123076266
          ],
          [
            -37.855429916693794,
            -8.556379139370812
          ],
          [
            -37.80472268524854,
            -8.458112008122335
          ],
          [
            -37.74923196256735,
            -8.362414396755481
          ],
          [
            -37.689093254813365,
            -8.269514596034735
          ],
          [
            -37.62445281507309,
            -8.179634099426854
          ],
          [
            -37.5554672883693,
            -8.092987090947416
          ],
          [
            -37.482303335614056,
            -8.009779950224752
          ],
          [
            -37.4051372371826,
            -7.930210775805827
          ],
          [
            -37.32415447681537,
            -7.854468927704544
          ],
          [
            -37.239549306586525,
            -7.782734590167018
          ],
          [
            -37.151524293713166,
            -7.7151783555996465
          ],
          [
            -37.06028985001883,
            -7.65196083057452
          ],
          [
            -36.96606374490762,
            -7.593232264792112
          ],
          [
            -36.86907060275124,
            -7.539132203843144
          ],
          [
            -36.76954138563852,
            -7.489789166569957
          ],
          [
            -36.66771286248569,
            -7.445320347782258
          ],
          [
            -36.56382706555485,
            -7.405831347032816
          ],
          [
            -36.45813073547585,
            -7.3714159241056825
          ],
          [
            -36.350874755914084,
            -7.342155781812544
          ],
          [
            -36.242313579070206,
            -7.318120376632426
          ],
          [
            -36.13270464323906,
            -7.299366757666129
          ],
          [
            -36.0223077836916,
            -7.285939434309851
          ],
          [
            -35.911384638175306,
            -7.277870272982847
          ],
          [
            -35.80019804835471,
            -7.275178423172061
          ]
        ]
      }
    },
    {
      "type": "Feature",
      "properties": {
        "name": "FILIAL PALMAS",
        "radius_km": 250.0,
        "Legenda_Raio": "Filial",
        "Tipo": "Filial",
        "GrupoRaio": "250km"
      },
      "geometry": {
        "type": "LineString",
        "coordinates": [
          [
            -48.30919188695861,
            -7.962679914796964
          ],
          [
            -48.19782662613273,
            -7.965370468055642
          ],
          [
            -48.08672485103006,
            -7.973435752003175
          ],
          [
            -47.9761494482363,
            -7.986856653868371
          ],
          [
            -47.866362107383665,
            -8.005601368043328
          ],
          [
            -47.757622725971785,
            -8.029625469470156
          ],
          [
            -47.65018881812749,
            -8.058872016124564
          ],
          [
            -47.544314928586886,
            -8.093271680340697
          ],
          [
            -47.440252053158176,
            -8.132742908651565
          ],
          [
            -47.33824706689388,
            -8.177192109751756
          ],
          [
            -47.238542161166805,
            -8.226513870123913
          ],
          [
            -47.14137429080537,
            -8.280591196808286
          ],
          [
            -47.04697463240304,
            -8.339295786735754
          ],
          [
            -46.95556805487248,
            -8.402488321989145
          ],
          [
            -46.8673726032704,
            -8.470018790305854
          ],
          [
            -46.782598996873354,
            -8.541726830086489
          ],
          [
            -46.70145014243978,
            -8.617442099129661
          ],
          [
            -46.62412066354967,
            -8.6969846662722
          ],
          [
            -46.550796446871544,
            -8.780165425076367
          ],
          [
            -46.481654206167384,
            -8.866786528671502
          ],
          [
            -46.41686106481046,
            -8.956641844826244
          ],
          [
            -46.35657415755952,
            -9.049517430298668
          ],
          [
            -46.300940252305416,
            -9.145192023485533
          ],
          [
            -46.250095392483544,
            -9.243437554367237
          ],
          [
            -46.204164560827564,
            -9.344019670722144
          ],
          [
            -46.163261365126715,
            -9.446698279561991
          ],
          [
            -46.12748774664015,
            -9.551228102718763
          ],
          [
            -46.09693371181748,
            -9.657359245492167
          ],
          [
            -46.07167708797365,
            -9.764837777245544
          ],
          [
            -46.05178330356848,
            -9.873406322815933
          ],
          [
            -46.03730519374576,
            -9.982804663581145
          ],
          [
            -46.028282831792104,
            -10.092770347002546
          ],
          [
            -46.02474338718208,
            -10.203039303436661
          ],
          [
            -46.02670101088064,
            -10.313346468981798
          ],
          [
            -46.034156748577,
            -10.423426413097058
          ],
          [
            -46.04709848252316,
            -10.533013969701127
          ],
          [
            -46.065500902645184,
            -10.64184487042655
          ],
          [
            -46.0893255075834,
            -10.749656378672565
          ],
          [
            -46.118520636299216,
            -10.856187923065946
          ],
          [
            -46.153021530858446,
            -10.961181728905329
          ],
          [
            -46.19275043096401,
            -11.064383446130655
          ],
          [
            -46.23761670076287,
            -11.165542772326079
          ],
          [
            -46.28751698839234,
            -11.264414069232892
          ],
          [
            -46.342335418659054,
            -11.360756971219182
          ],
          [
            -46.40194381915914,
            -11.454336984126167
          ],
          [
            -46.46620198005029,
            -11.544926072887845
          ],
          [
            -46.53495794757549,
            -11.632303236302116
          ],
          [
            -46.60804835131453,
            -11.716255067318354
          ],
          [
            -46.685298765003346,
            -11.796576297199497
          ],
          [
            -46.76652410061369,
            -11.87307032191708
          ],
          [
            -46.851529035227784,
            -11.94554970914575
          ],
          [
            -46.940108470075685,
            -12.013836684240564
          ],
          [
            -47.032048020928556,
            -12.077763593606505
          ],
          [
            -47.12712453886132,
            -12.137173343905307
          ],
          [
            -47.22510666021456,
            -12.191919815590706
          ],
          [
            -47.3257553844008,
            -12.241868249319667
          ],
          [
            -47.42882467801695,
            -12.286895603853942
          ],
          [
            -47.5340621035443,
            -12.326890884143948
          ],
          [
            -47.641209470743874,
            -12.361755438374674
          ],
          [
            -47.75000350868952,
            -12.391403222851082
          ],
          [
            -47.86017655622705,
            -12.415761033707817
          ],
          [
            -47.971457268506676,
            -12.434768704543922
          ],
          [
            -48.08357133711122,
            -12.448379269207365
          ],
          [
            -48.19624222119484,
            -12.456559089085006
          ],
          [
            -48.30919188695861,
            -12.459287944390617
          ],
          [
            -48.42214155272239,
            -12.456559089085006
          ],
          [
            -48.534812436806,
            -12.448379269207365
          ],
          [
            -48.64692650541054,
            -12.434768704543922
          ],
          [
            -48.75820721769017,
            -12.415761033707817
          ],
          [
            -48.8683802652277,
            -12.391403222851082
          ],
          [
            -48.97717430317335,
            -12.361755438374676
          ],
          [
            -49.08432167037292,
            -12.32689088414395
          ],
          [
            -49.18955909590027,
            -12.286895603853942
          ],
          [
            -49.29262838951642,
            -12.241868249319667
          ],
          [
            -49.393277113702666,
            -12.191919815590706
          ],
          [
            -49.49125923505589,
            -12.137173343905307
          ],
          [
            -49.58633575298866,
            -12.077763593606505
          ],
          [
            -49.67827530384153,
            -12.013836684240564
          ],
          [
            -49.76685473868943,
            -11.94554970914575
          ],
          [
            -49.85185967330354,
            -11.87307032191708
          ],
          [
            -49.93308500891388,
            -11.796576297199497
          ],
          [
            -50.010335422602694,
            -11.716255067318354
          ],
          [
            -50.08342582634173,
            -11.632303236302118
          ],
          [
            -50.15218179386693,
            -11.544926072887845
          ],
          [
            -50.21643995475808,
            -11.454336984126167
          ],
          [
            -50.27604835525817,
            -11.360756971219182
          ],
          [
            -50.330866785524876,
            -11.264414069232892
          ],
          [
            -50.380767073154345,
            -11.165542772326079
          ],
          [
            -50.42563334295321,
            -11.064383446130657
          ],
          [
            -50.46536224305878,
            -10.961181728905329
          ],
          [
            -50.49986313761799,
            -10.856187923065946
          ],
          [
            -50.52905826633382,
            -10.749656378672565
          ],
          [
            -50.55288287127204,
            -10.64184487042655
          ],
          [
            -50.57128529139406,
            -10.533013969701129
          ],
          [
            -50.58422702534022,
            -10.423426413097058
          ],
          [
            -50.59168276303658,
            -10.313346468981798
          ],
          [
            -50.593640386735146,
            -10.203039303436661
          ],
          [
            -50.59010094212512,
            -10.092770347002546
          ],
          [
            -50.581078580171464,
            -9.982804663581147
          ],
          [
            -50.56660047034874,
            -9.873406322815933
          ],
          [
            -50.546706685943576,
            -9.764837777245544
          ],
          [
            -50.521450062099746,
            -9.657359245492168
          ],
          [
            -50.490896027277074,
            -9.551228102718763
          ],
          [
            -50.45512240879051,
            -9.446698279561991
          ],
          [
            -50.41421921308965,
            -9.344019670722142
          ],
          [
            -50.36828838143368,
            -9.243437554367237
          ],
          [
            -50.31744352161181,
            -9.145192023485535
          ],
          [
            -50.2618096163577,
            -9.049517430298668
          ],
          [
            -50.20152270910676,
            -8.956641844826244
          ],
          [
            -50.13672956774983,
            -8.866786528671504
          ],
          [
            -50.06758732704568,
            -8.780165425076365
          ],
          [
            -49.994263110367555,
            -8.6969846662722
          ],
          [
            -49.916933631477434,
            -8.617442099129663
          ],
          [
            -49.83578477704386,
            -8.541726830086489
          ],
          [
            -49.75101117064682,
            -8.470018790305854
          ],
          [
            -49.662815719044744,
            -8.402488321989145
          ],
          [
            -49.57140914151418,
            -8.339295786735754
          ],
          [
            -49.47700948311185,
            -8.280591196808286
          ],
          [
            -49.37984161275042,
            -8.226513870123913
          ],
          [
            -49.28013670702334,
            -8.177192109751758
          ],
          [
            -49.178131720759055,
            -8.132742908651565
          ],
          [
            -49.07406884533034,
            -8.093271680340697
          ],
          [
            -48.968194955789734,
            -8.058872016124564
          ],
          [
            -48.860761047945445,
            -8.029625469470156
          ],
          [
            -48.752021666533565,
            -8.005601368043328
          ],
          [
            -48.642234325680924,
            -7.986856653868371
          ],
          [
            -48.53165892288715,
            -7.973435752003175
          ],
          [
            -48.42055714778449,
            -7.965370468055642
          ],
          [
            -48.30919188695861,
            -7.962679914796964
          ]
        ]
      }
    },
    {
      "type": "Feature",
      "properties": {
        "name": "FILIAL NATAL",
        "radius_km": 250.0,
        "Legenda_Raio": "Filial",
        "Tipo": "Filial",
        "GrupoRaio": "250km"
      },
      "geometry": {
        "type": "LineString",
        "coordinates": [
          [
            -35.2448393926002,
            -3.6415527685288125
          ],
          [
            -35.134325117440355,
            -3.644251414199566
          ],
          [
            -35.02407468411157,
            -3.65234089846682
          ],
          [
            -34.91435131196053,
            -3.665801878534909
          ],
          [
            -34.80541697694949,
            -3.6846021678317284
          ],
          [
            -34.697531793915836,
            -3.708696812986543
          ],
          [
            -34.5909534035484,
            -3.7380282012937256
          ],
          [
            -34.48593636561134,
            -3.77252619835997
          ],
          [
            -34.38273155991136,
            -3.8121083155500406
          ],
          [
            -34.28158559646222,
            -3.856679906766317
          ],
          [
            -34.1827402362513,
            -3.9061343940210747
          ],
          [
            -34.086431823958385,
            -3.9603535211877223
          ],
          [
            -33.992890733917385,
            -4.01920763524877
          ],
          [
            -33.90234083054778,
            -4.082555994294204
          ],
          [
            -33.8149989444168,
            -4.150247101464554
          ],
          [
            -33.73107436502521,
            -4.222119063978324
          ],
          [
            -33.650768351340936,
            -4.297999976333631
          ],
          [
            -33.57427366103719,
            -4.377708326728977
          ],
          [
            -33.50177409932456,
            -4.461053425707674
          ],
          [
            -33.43344408820319,
            -4.547835855994647
          ],
          [
            -33.36944825689981,
            -4.6378479424627
          ],
          [
            -33.309941054197964,
            -4.730874241137538
          ],
          [
            -33.25506638331732,
            -4.8266920461266185
          ],
          [
            -33.20495725995123,
            -4.925071913335651
          ],
          [
            -33.1597354940296,
            -5.025778199818011
          ],
          [
            -33.119511395738094,
            -5.128569617585884
          ],
          [
            -33.084383506293925,
            -5.233199800697099
          ],
          [
            -33.05443835395282,
            -5.339417884417997
          ],
          [
            -33.02975023570132,
            -5.446969095249759
          ],
          [
            -33.01038102507219,
            -5.555595350592911
          ],
          [
            -32.99638000650818,
            -5.665035866811971
          ],
          [
            -32.987783736689885,
            -5.775027774448975
          ],
          [
            -32.98461593323546,
            -5.885306739320628
          ],
          [
            -32.98688739117371,
            -5.995607588218976
          ],
          [
            -32.99459592758467,
            -6.105664937919477
          ],
          [
            -33.00772635479399,
            -6.215213826183337
          ],
          [
            -33.02625048249659,
            -6.323990343422844
          ],
          [
            -33.050127149170685,
            -6.431732263679334
          ],
          [
            -33.079302283123916,
            -6.53817967354376
          ],
          [
            -33.11370899348829,
            -6.643075597629586
          ],
          [
            -33.15326769144797,
            -6.7461666191876555
          ],
          [
            -33.197886241944026,
            -6.847203494432976
          ],
          [
            -33.24746014605077,
            -6.945941759134748
          ],
          [
            -33.3018727541601,
            -7.042142326003929
          ],
          [
            -33.36099551004149,
            -7.135572071397911
          ],
          [
            -33.424688225766786,
            -7.226004409850183
          ],
          [
            -33.492799387399664,
            -7.313219854924745
          ],
          [
            -33.56516649125098,
            -7.3970065648916
          ],
          [
            -33.64161641039164,
            -7.477160871721012
          ],
          [
            -33.72196579099738,
            -7.5534877919018895
          ],
          [
            -33.80602147797286,
            -7.625801517603383
          ],
          [
            -33.893580969169406,
            -7.693925886720022
          ],
          [
            -33.98443289737116,
            -7.757694830369342
          ],
          [
            -34.078357539080386,
            -7.816952796447797
          ],
          [
            -34.17512734898633,
            -7.87155514789603
          ],
          [
            -34.27450751885393,
            -7.921368534378424
          ],
          [
            -34.37625655942243,
            -7.966271236144577
          ],
          [
            -34.48012690375955,
            -8.00615347891181
          ],
          [
            -34.585865530378335,
            -8.040917718687696
          ],
          [
            -34.693214604291434,
            -8.070478895540095
          ],
          [
            -34.80191213405453,
            -8.094764655418139
          ],
          [
            -34.91169264273821,
            -8.113715539231217
          ],
          [
            -35.022287850667354,
            -8.127285138503009
          ],
          [
            -35.133427367681676,
            -8.135440217033464
          ],
          [
            -35.2448393926002,
            -8.138160798122465
          ],
          [
            -35.35625141751871,
            -8.135440217033464
          ],
          [
            -35.46739093453304,
            -8.127285138503009
          ],
          [
            -35.57798614246218,
            -8.113715539231217
          ],
          [
            -35.68776665114586,
            -8.094764655418139
          ],
          [
            -35.79646418090896,
            -8.070478895540095
          ],
          [
            -35.90381325482206,
            -8.040917718687698
          ],
          [
            -36.009551881440835,
            -8.00615347891181
          ],
          [
            -36.11342222577797,
            -7.966271236144578
          ],
          [
            -36.21517126634646,
            -7.921368534378424
          ],
          [
            -36.31455143621407,
            -7.871555147896032
          ],
          [
            -36.41132124612,
            -7.816952796447797
          ],
          [
            -36.50524588782924,
            -7.757694830369342
          ],
          [
            -36.59609781603099,
            -7.693925886720024
          ],
          [
            -36.683657307227534,
            -7.625801517603383
          ],
          [
            -36.76771299420301,
            -7.5534877919018895
          ],
          [
            -36.848062374808755,
            -7.477160871721014
          ],
          [
            -36.92451229394942,
            -7.3970065648916
          ],
          [
            -36.996879397800726,
            -7.313219854924747
          ],
          [
            -37.06499055943361,
            -7.226004409850182
          ],
          [
            -37.128683275158906,
            -7.135572071397912
          ],
          [
            -37.187806031040296,
            -7.042142326003929
          ],
          [
            -37.24221863914962,
            -6.945941759134748
          ],
          [
            -37.29179254325637,
            -6.847203494432978
          ],
          [
            -37.336411093752425,
            -6.746166619187656
          ],
          [
            -37.3759697917121,
            -6.643075597629586
          ],
          [
            -37.410376502076474,
            -6.53817967354376
          ],
          [
            -37.43955163602971,
            -6.431732263679334
          ],
          [
            -37.4634283027038,
            -6.323990343422844
          ],
          [
            -37.4819524304064,
            -6.215213826183339
          ],
          [
            -37.49508285761573,
            -6.105664937919476
          ],
          [
            -37.50279139402668,
            -5.995607588218976
          ],
          [
            -37.50506285196494,
            -5.885306739320629
          ],
          [
            -37.501895048510505,
            -5.775027774448976
          ],
          [
            -37.49329877869221,
            -5.665035866811973
          ],
          [
            -37.479297760128205,
            -5.555595350592911
          ],
          [
            -37.459928549499075,
            -5.446969095249759
          ],
          [
            -37.43524043124757,
            -5.339417884417998
          ],
          [
            -37.40529527890647,
            -5.2331998006971
          ],
          [
            -37.3701673894623,
            -5.128569617585885
          ],
          [
            -37.3299432911708,
            -5.02577819981801
          ],
          [
            -37.28472152524917,
            -4.925071913335651
          ],
          [
            -37.234612401883076,
            -4.826692046126619
          ],
          [
            -37.179737731002426,
            -4.730874241137538
          ],
          [
            -37.12023052830058,
            -4.6378479424627
          ],
          [
            -37.056234696997215,
            -4.547835855994648
          ],
          [
            -36.98790468587584,
            -4.461053425707673
          ],
          [
            -36.91540512416321,
            -4.377708326728977
          ],
          [
            -36.83891043385946,
            -4.297999976333631
          ],
          [
            -36.75860442017519,
            -4.222119063978324
          ],
          [
            -36.67467984078359,
            -4.150247101464555
          ],
          [
            -36.58733795465262,
            -4.082555994294203
          ],
          [
            -36.49678805128301,
            -4.01920763524877
          ],
          [
            -36.40324696124201,
            -3.9603535211877223
          ],
          [
            -36.3069385489491,
            -3.9061343940210755
          ],
          [
            -36.20809318873817,
            -3.856679906766318
          ],
          [
            -36.106947225289034,
            -3.8121083155500415
          ],
          [
            -36.00374241958906,
            -3.77252619835997
          ],
          [
            -35.898725381652,
            -3.7380282012937256
          ],
          [
            -35.79214699128456,
            -3.708696812986543
          ],
          [
            -35.68426180825091,
            -3.6846021678317284
          ],
          [
            -35.575327473239874,
            -3.665801878534909
          ],
          [
            -35.46560410108883,
            -3.65234089846682
          ],
          [
            -35.35535366776004,
            -3.644251414199566
          ],
          [
            -35.2448393926002,
            -3.6415527685288125
          ]
        ]
      }
    },
    {
      "type": "Feature",
      "properties": {
        "name": "FILIAL PARNAMIRIM",
        "radius_km": 250.0,
        "Legenda_Raio": "Filial",
        "Tipo": "Filial",
        "GrupoRaio": "250km"
      },
      "geometry": {
        "type": "LineString",
        "coordinates": [
          [
            -35.2448393926002,
            -3.6415527685288027
          ],
          [
            -35.134325117440355,
            -3.6442514141995574
          ],
          [
            -35.02407468411157,
            -3.6523408984668113
          ],
          [
            -34.91435131196053,
            -3.6658018785349
          ],
          [
            -34.80541697694949,
            -3.684602167831719
          ],
          [
            -34.697531793915836,
            -3.7086968129865343
          ],
          [
            -34.5909534035484,
            -3.738028201293716
          ],
          [
            -34.48593636561134,
            -3.772526198359961
          ],
          [
            -34.38273155991136,
            -3.8121083155500317
          ],
          [
            -34.28158559646222,
            -3.856679906766309
          ],
          [
            -34.1827402362513,
            -3.9061343940210667
          ],
          [
            -34.086431823958385,
            -3.9603535211877143
          ],
          [
            -33.992890733917385,
            -4.019207635248761
          ],
          [
            -33.90234083054778,
            -4.082555994294195
          ],
          [
            -33.8149989444168,
            -4.150247101464546
          ],
          [
            -33.73107436502521,
            -4.222119063978315
          ],
          [
            -33.650768351340936,
            -4.297999976333622
          ],
          [
            -33.57427366103719,
            -4.3777083267289685
          ],
          [
            -33.50177409932456,
            -4.461053425707664
          ],
          [
            -33.43344408820319,
            -4.547835855994638
          ],
          [
            -33.36944825689981,
            -4.637847942462691
          ],
          [
            -33.309941054197964,
            -4.7308742411375295
          ],
          [
            -33.25506638331732,
            -4.82669204612661
          ],
          [
            -33.20495725995123,
            -4.925071913335641
          ],
          [
            -33.1597354940296,
            -5.025778199818002
          ],
          [
            -33.119511395738094,
            -5.128569617585875
          ],
          [
            -33.084383506293925,
            -5.23319980069709
          ],
          [
            -33.05443835395282,
            -5.339417884417988
          ],
          [
            -33.02975023570132,
            -5.4469690952497505
          ],
          [
            -33.01038102507219,
            -5.5555953505929025
          ],
          [
            -32.99638000650818,
            -5.665035866811963
          ],
          [
            -32.987783736689885,
            -5.775027774448966
          ],
          [
            -32.98461593323546,
            -5.885306739320619
          ],
          [
            -32.98688739117371,
            -5.995607588218967
          ],
          [
            -32.99459592758467,
            -6.105664937919468
          ],
          [
            -33.00772635479399,
            -6.215213826183328
          ],
          [
            -33.02625048249659,
            -6.323990343422835
          ],
          [
            -33.050127149170685,
            -6.431732263679325
          ],
          [
            -33.079302283123916,
            -6.538179673543751
          ],
          [
            -33.11370899348829,
            -6.6430755976295774
          ],
          [
            -33.15326769144797,
            -6.746166619187647
          ],
          [
            -33.197886241944026,
            -6.847203494432967
          ],
          [
            -33.24746014605077,
            -6.9459417591347385
          ],
          [
            -33.3018727541601,
            -7.04214232600392
          ],
          [
            -33.36099551004149,
            -7.135572071397903
          ],
          [
            -33.424688225766786,
            -7.226004409850174
          ],
          [
            -33.492799387399664,
            -7.313219854924737
          ],
          [
            -33.56516649125098,
            -7.397006564891591
          ],
          [
            -33.64161641039164,
            -7.477160871721004
          ],
          [
            -33.72196579099738,
            -7.55348779190188
          ],
          [
            -33.80602147797286,
            -7.625801517603375
          ],
          [
            -33.893580969169406,
            -7.693925886720014
          ],
          [
            -33.98443289737116,
            -7.757694830369334
          ],
          [
            -34.078357539080386,
            -7.816952796447787
          ],
          [
            -34.17512734898633,
            -7.871555147896022
          ],
          [
            -34.27450751885393,
            -7.921368534378415
          ],
          [
            -34.37625655942243,
            -7.96627123614457
          ],
          [
            -34.48012690375955,
            -8.0061534789118
          ],
          [
            -34.585865530378335,
            -8.040917718687687
          ],
          [
            -34.693214604291434,
            -8.070478895540088
          ],
          [
            -34.80191213405453,
            -8.094764655418132
          ],
          [
            -34.91169264273821,
            -8.113715539231208
          ],
          [
            -35.022287850667354,
            -8.127285138502998
          ],
          [
            -35.133427367681676,
            -8.135440217033455
          ],
          [
            -35.2448393926002,
            -8.138160798122456
          ],
          [
            -35.35625141751871,
            -8.135440217033455
          ],
          [
            -35.46739093453304,
            -8.127285138502998
          ],
          [
            -35.57798614246218,
            -8.113715539231208
          ],
          [
            -35.68776665114586,
            -8.094764655418132
          ],
          [
            -35.79646418090896,
            -8.070478895540088
          ],
          [
            -35.90381325482206,
            -8.040917718687687
          ],
          [
            -36.009551881440835,
            -8.0061534789118
          ],
          [
            -36.11342222577797,
            -7.96627123614457
          ],
          [
            -36.21517126634646,
            -7.921368534378416
          ],
          [
            -36.31455143621407,
            -7.871555147896022
          ],
          [
            -36.41132124612,
            -7.816952796447787
          ],
          [
            -36.50524588782924,
            -7.757694830369334
          ],
          [
            -36.59609781603099,
            -7.693925886720014
          ],
          [
            -36.683657307227534,
            -7.625801517603375
          ],
          [
            -36.76771299420301,
            -7.55348779190188
          ],
          [
            -36.848062374808755,
            -7.477160871721004
          ],
          [
            -36.92451229394942,
            -7.397006564891591
          ],
          [
            -36.996879397800726,
            -7.313219854924737
          ],
          [
            -37.06499055943361,
            -7.226004409850174
          ],
          [
            -37.128683275158906,
            -7.135572071397903
          ],
          [
            -37.187806031040296,
            -7.04214232600392
          ],
          [
            -37.24221863914962,
            -6.945941759134739
          ],
          [
            -37.29179254325637,
            -6.847203494432968
          ],
          [
            -37.336411093752425,
            -6.746166619187648
          ],
          [
            -37.3759697917121,
            -6.6430755976295774
          ],
          [
            -37.410376502076474,
            -6.538179673543751
          ],
          [
            -37.43955163602971,
            -6.431732263679325
          ],
          [
            -37.4634283027038,
            -6.323990343422836
          ],
          [
            -37.4819524304064,
            -6.21521382618333
          ],
          [
            -37.49508285761573,
            -6.105664937919467
          ],
          [
            -37.50279139402668,
            -5.995607588218967
          ],
          [
            -37.50506285196494,
            -5.88530673932062
          ],
          [
            -37.501895048510505,
            -5.775027774448967
          ],
          [
            -37.49329877869221,
            -5.665035866811964
          ],
          [
            -37.479297760128205,
            -5.5555953505929025
          ],
          [
            -37.459928549499075,
            -5.4469690952497505
          ],
          [
            -37.43524043124757,
            -5.339417884417989
          ],
          [
            -37.40529527890647,
            -5.233199800697091
          ],
          [
            -37.3701673894623,
            -5.128569617585876
          ],
          [
            -37.3299432911708,
            -5.025778199818001
          ],
          [
            -37.28472152524917,
            -4.925071913335641
          ],
          [
            -37.234612401883076,
            -4.8266920461266105
          ],
          [
            -37.179737731002426,
            -4.7308742411375295
          ],
          [
            -37.12023052830058,
            -4.637847942462692
          ],
          [
            -37.056234696997215,
            -4.547835855994639
          ],
          [
            -36.98790468587584,
            -4.461053425707664
          ],
          [
            -36.91540512416321,
            -4.3777083267289685
          ],
          [
            -36.83891043385946,
            -4.297999976333623
          ],
          [
            -36.75860442017519,
            -4.222119063978316
          ],
          [
            -36.67467984078359,
            -4.150247101464546
          ],
          [
            -36.58733795465262,
            -4.082555994294195
          ],
          [
            -36.49678805128301,
            -4.019207635248761
          ],
          [
            -36.40324696124201,
            -3.9603535211877143
          ],
          [
            -36.3069385489491,
            -3.9061343940210667
          ],
          [
            -36.20809318873817,
            -3.856679906766309
          ],
          [
            -36.106947225289034,
            -3.8121083155500317
          ],
          [
            -36.00374241958906,
            -3.772526198359961
          ],
          [
            -35.898725381652,
            -3.738028201293716
          ],
          [
            -35.79214699128456,
            -3.7086968129865343
          ],
          [
            -35.68426180825091,
            -3.68460216783172
          ],
          [
            -35.575327473239874,
            -3.665801878534901
          ],
          [
            -35.46560410108883,
            -3.6523408984668113
          ],
          [
            -35.35535366776004,
            -3.6442514141995574
          ],
          [
            -35.2448393926002,
            -3.6415527685288027
          ]
        ]
      }
    },
    {
      "type": "Feature",
      "properties": {
        "name": "FILIAL CAMPO NOVO DO PARECIS",
        "radius_km": 250.0,
        "Legenda_Raio": "Filial",
        "Tipo": "Filial",
        "GrupoRaio": "250km"
      },
      "geometry": {
        "type": "LineString",
        "coordinates": [
          [
            -57.890288531852605,
            -11.398273247725971
          ],
          [
            -57.77777764192259,
            -11.400957248434247
          ],
          [
            -57.66553100197248,
            -11.409002936504478
          ],
          [
            -57.553812279285175,
            -11.422391383915013
          ],
          [
            -57.44288397687146,
            -11.441091091071717
          ],
          [
            -57.333006854134396,
            -11.465058057359583
          ],
          [
            -57.22443935088087,
            -11.494235879693113
          ],
          [
            -57.11743701577512,
            -11.528555878845419
          ],
          [
            -57.01225194031099,
            -11.567937253275566
          ],
          [
            -56.909132199358844,
            -11.612287260115169
          ],
          [
            -56.808321299318585,
            -11.66150142291872
          ],
          [
            -56.71005763488429,
            -11.715463765728146
          ],
          [
            -56.61457395539708,
            -11.77404707295052
          ],
          [
            -56.52209684173406,
            -11.837113174499207
          ],
          [
            -56.43284619465164,
            -11.904513255602733
          ],
          [
            -56.347034735472036,
            -11.976088190642765
          ],
          [
            -56.26486751997491,
            -12.051668900342266
          ],
          [
            -56.186541466329295,
            -12.131076731587497
          ],
          [
            -56.11224489787859,
            -12.214123859132611
          ],
          [
            -56.042157101570886,
            -12.30061370840294
          ],
          [
            -55.97644790281089,
            -12.390341398582663
          ],
          [
            -55.91527725749744,
            -12.483094205143649
          ],
          [
            -55.85879486200279,
            -12.578652040944975
          ],
          [
            -55.80713978184656,
            -12.676787955006118
          ],
          [
            -55.76044009981872,
            -12.777268648031036
          ],
          [
            -55.7188125843111,
            -12.879855003734729
          ],
          [
            -55.68236237862714,
            -12.984302634997896
          ],
          [
            -55.65118271205243,
            -13.090362443848791
          ],
          [
            -55.625354633485095,
            -13.197781194243838
          ],
          [
            -55.60494676844316,
            -13.3063020965896
          ],
          [
            -55.590015100286045,
            -13.415665402918183
          ],
          [
            -55.58060277650663,
            -13.52560901159568
          ],
          [
            -55.576739940969745,
            -13.635869080408897
          ],
          [
            -55.578443592988684,
            -13.746180646838962
          ],
          [
            -55.58571747414483,
            -13.856278254291885
          ],
          [
            -55.59855198376263,
            -13.965896583015478
          ],
          [
            -55.616924123953574,
            -14.074771084389646
          ],
          [
            -55.64079747513568,
            -14.182638617233232
          ],
          [
            -55.670122202918726,
            -14.289238084725682
          ],
          [
            -55.70483509721817,
            -14.394311070496208
          ],
          [
            -55.74485964442119,
            -14.497602472387808
          ],
          [
            -55.790106133375716,
            -14.598861132358685
          ],
          [
            -55.84047179590668,
            -14.697840460940569
          ],
          [
            -55.8958409824815,
            -14.794299054632344
          ],
          [
            -55.95608537354961,
            -14.888001304570349
          ],
          [
            -56.02106422696789,
            -14.978717994782887
          ],
          [
            -56.09062466179447,
            -15.066226888308902
          ],
          [
            -56.16460197858943,
            -15.150313299438736
          ],
          [
            -56.24282001620122,
            -15.230770650320272
          ],
          [
            -56.325091544845,
            -15.307401010167542
          ],
          [
            -56.41121869509288,
            -15.380015615311216
          ],
          [
            -56.50099342219987,
            -15.448435368343137
          ],
          [
            -56.59419800498338,
            -15.512491314630047
          ],
          [
            -56.690605578261604,
            -15.572025094506056
          ],
          [
            -56.78998069763927,
            -15.626889369499267
          ],
          [
            -56.892079935210596,
            -15.676948221006217
          ],
          [
            -56.99665250453174,
            -15.722077519897681
          ],
          [
            -57.10344091300156,
            -15.762165265621793
          ],
          [
            -57.21218163958328,
            -15.797111893464589
          ],
          [
            -57.322605835603106,
            -15.826830548733703
          ],
          [
            -57.4344400461791,
            -15.85124732674754
          ],
          [
            -57.54740694966564,
            -15.870301477638883
          ],
          [
            -57.66122611235067,
            -15.883945575117822
          ],
          [
            -57.77561475551424,
            -15.89214564848287
          ],
          [
            -57.890288531852605,
            -15.894881277319625
          ],
          [
            -58.00496230819096,
            -15.89214564848287
          ],
          [
            -58.11935095135454,
            -15.883945575117822
          ],
          [
            -58.23317011403956,
            -15.870301477638883
          ],
          [
            -58.346137017526104,
            -15.85124732674754
          ],
          [
            -58.45797122810209,
            -15.826830548733703
          ],
          [
            -58.568395424121924,
            -15.797111893464589
          ],
          [
            -58.67713615070364,
            -15.762165265621793
          ],
          [
            -58.783924559173464,
            -15.722077519897681
          ],
          [
            -58.8884971284946,
            -15.676948221006217
          ],
          [
            -58.99059636606592,
            -15.626889369499267
          ],
          [
            -59.0899714854436,
            -15.572025094506056
          ],
          [
            -59.18637905872182,
            -15.51249131463005
          ],
          [
            -59.27958364150534,
            -15.448435368343137
          ],
          [
            -59.36935836861233,
            -15.380015615311216
          ],
          [
            -59.45548551886019,
            -15.307401010167542
          ],
          [
            -59.53775704750397,
            -15.230770650320272
          ],
          [
            -59.61597508511577,
            -15.150313299438736
          ],
          [
            -59.68995240191073,
            -15.066226888308902
          ],
          [
            -59.75951283673732,
            -14.978717994782887
          ],
          [
            -59.8244916901556,
            -14.888001304570349
          ],
          [
            -59.88473608122371,
            -14.794299054632344
          ],
          [
            -59.940105267798515,
            -14.697840460940569
          ],
          [
            -59.990470930329494,
            -14.598861132358689
          ],
          [
            -60.03571741928402,
            -14.497602472387808
          ],
          [
            -60.07574196648703,
            -14.394311070496208
          ],
          [
            -60.11045486078648,
            -14.289238084725682
          ],
          [
            -60.139779588569525,
            -14.182638617233232
          ],
          [
            -60.16365293975162,
            -14.074771084389646
          ],
          [
            -60.18202507994257,
            -13.96589658301548
          ],
          [
            -60.19485958956037,
            -13.856278254291885
          ],
          [
            -60.20213347071652,
            -13.746180646838962
          ],
          [
            -60.20383712273546,
            -13.635869080408897
          ],
          [
            -60.19997428719857,
            -13.525609011595682
          ],
          [
            -60.190561963419164,
            -13.415665402918183
          ],
          [
            -60.175630295262046,
            -13.3063020965896
          ],
          [
            -60.15522243022011,
            -13.197781194243838
          ],
          [
            -60.12939435165277,
            -13.090362443848791
          ],
          [
            -60.09821468507807,
            -12.984302634997896
          ],
          [
            -60.0617644793941,
            -12.879855003734729
          ],
          [
            -60.02013696388648,
            -12.777268648031034
          ],
          [
            -59.973437281858644,
            -12.676787955006118
          ],
          [
            -59.92178220170242,
            -12.578652040944977
          ],
          [
            -59.86529980620775,
            -12.483094205143649
          ],
          [
            -59.80412916089431,
            -12.390341398582663
          ],
          [
            -59.73841996213432,
            -12.30061370840294
          ],
          [
            -59.66833216582661,
            -12.214123859132611
          ],
          [
            -59.5940355973759,
            -12.131076731587497
          ],
          [
            -59.515709543730296,
            -12.051668900342266
          ],
          [
            -59.43354232823316,
            -11.976088190642765
          ],
          [
            -59.34773086905357,
            -11.904513255602733
          ],
          [
            -59.25848022197114,
            -11.837113174499207
          ],
          [
            -59.16600310830813,
            -11.77404707295052
          ],
          [
            -59.07051942882091,
            -11.715463765728146
          ],
          [
            -58.97225576438662,
            -11.66150142291872
          ],
          [
            -58.87144486434637,
            -11.61228726011517
          ],
          [
            -58.76832512339421,
            -11.567937253275566
          ],
          [
            -58.66314004793009,
            -11.528555878845419
          ],
          [
            -58.55613771282434,
            -11.494235879693113
          ],
          [
            -58.447570209570806,
            -11.465058057359583
          ],
          [
            -58.337693086833745,
            -11.44109109107172
          ],
          [
            -58.22676478442004,
            -11.422391383915015
          ],
          [
            -58.11504606173273,
            -11.409002936504478
          ],
          [
            -58.00279942178261,
            -11.400957248434247
          ],
          [
            -57.890288531852605,
            -11.398273247725971
          ]
        ]
      }
    },
    {
      "type": "Feature",
      "properties": {
        "name": "FILIAL TESTE",
        "radius_km": 250.0,
        "Legenda_Raio": "Filial",
        "Tipo": "Filial",
        "GrupoRaio": "250km"
      },
      "geometry": {
        "type": "LineString",
        "coordinates": [
          [
            -44.05150721684723,
            -17.712954296746794
          ],
          [
            -43.93572588077822,
            -17.715625794013395
          ],
          [
            -43.820212672073346,
            -17.723634088382852
          ],
          [
            -43.705235161797965,
            -17.73696060065059
          ],
          [
            -43.59105980918449,
            -17.75557440907451
          ],
          [
            -43.477951407625795,
            -17.779432314693477
          ],
          [
            -43.36617253295566,
            -17.80847893261439
          ],
          [
            -43.255982994770946,
            -17.842646809109944
          ],
          [
            -43.147639291544365,
            -17.881856564325954
          ],
          [
            -43.041394070269625,
            -17.92601706035474
          ],
          [
            -42.93749559137379,
            -17.975025594390107
          ],
          [
            -42.836187199624426,
            -18.028768116639988
          ],
          [
            -42.737706801752836,
            -18.087119472634942
          ],
          [
            -42.64228635150934,
            -18.14994366953446
          ],
          [
            -42.5501513428631,
            -18.217094165998297
          ],
          [
            -42.46152031205811,
            -18.288414185157215
          ],
          [
            -42.376604349238704,
            -18.363737050185588
          ],
          [
            -42.295606620363515,
            -18.442886541948504
          ],
          [
            -42.21872190013601,
            -18.525677278166338
          ],
          [
            -42.146136116693754,
            -18.611915113511724
          ],
          [
            -42.07802590881681,
            -18.70139756002577
          ],
          [
            -42.01455819643917,
            -18.793914227212856
          ],
          [
            -41.95588976527543,
            -18.889247281145234
          ],
          [
            -41.90216686640842,
            -18.987171921880375
          ],
          [
            -41.853524831721344,
            -19.087456878464224
          ],
          [
            -41.81008770610053,
            -19.1898649207628
          ],
          [
            -41.771967897381366,
            -19.29415338733166
          ],
          [
            -41.7392658450592,
            -19.400074728497778
          ],
          [
            -41.712069708838904,
            -19.50737706379089
          ],
          [
            -41.69045507814972,
            -19.615804752820825
          ],
          [
            -41.674484703804985,
            -19.725098978653953
          ],
          [
            -41.66420825303791,
            -19.83499834269497
          ],
          [
            -41.659662089193326,
            -19.94523947002998
          ],
          [
            -41.66086907739943,
            -20.05555762413341
          ],
          [
            -41.667838417581784,
            -20.165687329784156
          ],
          [
            -41.680565506210975,
            -20.275363002976484
          ],
          [
            -41.69903182819586,
            -20.38431958654835
          ],
          [
            -41.72320488034183,
            -20.492293190184665
          ],
          [
            -41.753038127788045,
            -20.59902173338594
          ],
          [
            -41.78847099481594,
            -20.704245589924852
          ],
          [
            -41.8294288913836,
            -20.807708232244565
          ],
          [
            -41.87582327668279,
            -20.909156874184998
          ],
          [
            -41.92755176093879,
            -21.00834311035676
          ],
          [
            -41.98449824657514,
            -21.105023550418963
          ],
          [
            -42.04653310974534,
            -21.1989604464572
          ],
          [
            -42.11351342309167,
            -21.28992231160342
          ],
          [
            -42.18528322042708,
            -21.377684527990958
          ],
          [
            -42.26167380384993,
            -21.46202994209741
          ],
          [
            -42.34250409359423,
            -21.54274944549607
          ],
          [
            -42.42758102069101,
            -21.61964253901524
          ],
          [
            -42.51669996227165,
            -21.692517878294336
          ],
          [
            -42.60964521908265,
            -21.761193798727877
          ],
          [
            -42.70619053450724,
            -21.825498817804057
          ],
          [
            -42.806099654104294,
            -21.885272112874294
          ],
          [
            -42.909126924383514,
            -21.940363972434913
          ],
          [
            -43.015017929240535,
            -21.99063621906192
          ],
          [
            -43.12351016218122,
            -22.035962602215395
          ],
          [
            -43.23433373217463,
            -22.07622915922103
          ],
          [
            -43.347212100693426,
            -22.111334542842766
          ],
          [
            -43.461862847232375,
            -22.14119031398142
          ],
          [
            -43.57799846034572,
            -22.16572119816967
          ],
          [
            -43.695327151014666,
            -22.184865304681974
          ],
          [
            -43.813553684952346,
            -22.19857430723812
          ],
          [
            -43.93238023027795,
            -22.206813585449982
          ],
          [
            -44.05150721684723,
            -22.209562326340446
          ],
          [
            -44.17063420341651,
            -22.206813585449982
          ],
          [
            -44.28946074874211,
            -22.19857430723812
          ],
          [
            -44.407687282679795,
            -22.184865304681974
          ],
          [
            -44.52501597334874,
            -22.16572119816967
          ],
          [
            -44.64115158646208,
            -22.14119031398142
          ],
          [
            -44.755802333001036,
            -22.111334542842766
          ],
          [
            -44.86868070151982,
            -22.07622915922103
          ],
          [
            -44.97950427151324,
            -22.035962602215395
          ],
          [
            -45.08799650445392,
            -21.99063621906192
          ],
          [
            -45.19388750931094,
            -21.940363972434916
          ],
          [
            -45.29691477959017,
            -21.885272112874294
          ],
          [
            -45.39682389918721,
            -21.825498817804057
          ],
          [
            -45.493369214611796,
            -21.761193798727877
          ],
          [
            -45.58631447142281,
            -21.692517878294336
          ],
          [
            -45.675433413003454,
            -21.61964253901524
          ],
          [
            -45.760510340100225,
            -21.54274944549607
          ],
          [
            -45.841340629844524,
            -21.462029942097413
          ],
          [
            -45.91773121326738,
            -21.37768452799096
          ],
          [
            -45.98950101060279,
            -21.28992231160342
          ],
          [
            -46.056481323949114,
            -21.1989604464572
          ],
          [
            -46.11851618711931,
            -21.105023550418963
          ],
          [
            -46.17546267275567,
            -21.00834311035676
          ],
          [
            -46.22719115701167,
            -20.909156874184998
          ],
          [
            -46.273585542310855,
            -20.80770823224457
          ],
          [
            -46.314543438878516,
            -20.704245589924852
          ],
          [
            -46.34997630590641,
            -20.59902173338594
          ],
          [
            -46.37980955335262,
            -20.492293190184665
          ],
          [
            -46.403982605498605,
            -20.38431958654835
          ],
          [
            -46.42244892748348,
            -20.275363002976484
          ],
          [
            -46.43517601611267,
            -20.165687329784156
          ],
          [
            -46.44214535629502,
            -20.05555762413341
          ],
          [
            -46.443352344501136,
            -19.94523947002998
          ],
          [
            -46.43880618065654,
            -19.83499834269497
          ],
          [
            -46.42852972988947,
            -19.725098978653957
          ],
          [
            -46.412559355544744,
            -19.615804752820825
          ],
          [
            -46.39094472485556,
            -19.50737706379089
          ],
          [
            -46.363748588635254,
            -19.400074728497778
          ],
          [
            -46.33104653631309,
            -19.29415338733166
          ],
          [
            -46.29292672759392,
            -19.1898649207628
          ],
          [
            -46.24948960197312,
            -19.087456878464224
          ],
          [
            -46.20084756728603,
            -18.987171921880375
          ],
          [
            -46.14712466841903,
            -18.889247281145234
          ],
          [
            -46.088456237255286,
            -18.793914227212856
          ],
          [
            -46.02498852487764,
            -18.70139756002577
          ],
          [
            -45.9568783170007,
            -18.611915113511728
          ],
          [
            -45.88429253355845,
            -18.525677278166338
          ],
          [
            -45.80740781333094,
            -18.442886541948504
          ],
          [
            -45.72641008445575,
            -18.363737050185588
          ],
          [
            -45.64149412163635,
            -18.28841418515722
          ],
          [
            -45.55286309083136,
            -18.2170941659983
          ],
          [
            -45.46072808218511,
            -18.149943669534455
          ],
          [
            -45.36530763194162,
            -18.087119472634942
          ],
          [
            -45.266827234070036,
            -18.028768116639988
          ],
          [
            -45.165518842320665,
            -17.97502559439011
          ],
          [
            -45.06162036342483,
            -17.92601706035474
          ],
          [
            -44.955375142150096,
            -17.881856564325954
          ],
          [
            -44.84703143892351,
            -17.842646809109944
          ],
          [
            -44.736841900738796,
            -17.80847893261439
          ],
          [
            -44.62506302606866,
            -17.779432314693477
          ],
          [
            -44.51195462450997,
            -17.75557440907451
          ],
          [
            -44.397779271896496,
            -17.73696060065059
          ],
          [
            -44.28280176162111,
            -17.723634088382852
          ],
          [
            -44.16728855291623,
            -17.715625794013395
          ],
          [
            -44.05150721684723,
            -17.712954296746794
          ]
        ]
      }
    },
    {
      "type": "Feature",
      "properties": {
        "name": "FILIAL ÁGUA BOA",
        "radius_km": 250.0,
        "Legenda_Raio": "Filial",
        "Tipo": "Filial",
        "GrupoRaio": "250km"
      },
      "geometry": {
        "type": "LineString",
        "coordinates": [
          [
            -52.15451177708045,
            -11.797678166865547
          ],
          [
            -52.04183976708753,
            -11.80036139641276
          ],
          [
            -51.9294321565252,
            -11.80840477824016
          ],
          [
            -51.8175527639323,
            -11.821789405980713
          ],
          [
            -51.7064642471632,
            -11.840483815910302
          ],
          [
            -51.59642752578901,
            -11.864444057169923
          ],
          [
            -51.48770120677837,
            -11.893613789858945
          ],
          [
            -51.380541014530635,
            -11.927924410783477
          ],
          [
            -51.27519922631771,
            -11.967295206584492
          ],
          [
            -51.1719241141701,
            -12.011633533912905
          ],
          [
            -51.070959394220566,
            -12.060835026263339
          ],
          [
            -50.97254368449264,
            -12.11478382702512
          ],
          [
            -50.876909972095376,
            -12.173352848258475
          ],
          [
            -50.78428509075741,
            -12.236404054655951
          ],
          [
            -50.694889209605904,
            -12.3037887721039
          ],
          [
            -50.608935334068974,
            -12.3753480202164
          ],
          [
            -50.52662881975396,
            -12.450912868174385
          ],
          [
            -50.44816690013056,
            -12.530304813165662
          ],
          [
            -50.37373822882652,
            -12.613336180686922
          ],
          [
            -50.30352243732591,
            -12.699810545936444
          ],
          [
            -50.237689708845764,
            -12.7895231754959
          ],
          [
            -50.17640036915719,
            -12.882261488470762
          ],
          [
            -50.1198044951113,
            -12.977805536231454
          ],
          [
            -50.06804154162947,
            -13.075928499870729
          ],
          [
            -50.02123998792077,
            -13.176397204466587
          ],
          [
            -49.97951700369745,
            -13.278972649214149
          ],
          [
            -49.94297813617111,
            -13.383410552463298
          ],
          [
            -49.91171701862753,
            -13.489461910671956
          ],
          [
            -49.88581510139655,
            -13.596873570256482
          ],
          [
            -49.8653414060538,
            -13.705388811291067
          ],
          [
            -49.85035230371219,
            -13.814747941976487
          ],
          [
            -49.840891318283326,
            -13.924688902765364
          ],
          [
            -49.83698895560879,
            -14.034947878995437
          ],
          [
            -49.83866255937952,
            -14.145259920844879
          ],
          [
            -49.84591619477564,
            -14.255359569383776
          ],
          [
            -49.85874056076767,
            -14.364981487454152
          ],
          [
            -49.877112932022264,
            -14.473861094067233
          ],
          [
            -49.9009971313493,
            -14.581735200961422
          ],
          [
            -49.93034353361108,
            -14.68834264991828
          ],
          [
            -49.96508910198735,
            -14.79342494938683
          ],
          [
            -50.00515745745032,
            -14.896726908919765
          ],
          [
            -50.05045898225076,
            -14.997997269878965
          ],
          [
            -50.10089095814861,
            -15.0969893308233
          ],
          [
            -50.15633774003872,
            -15.193461565949368
          ],
          [
            -50.2166709655232,
            -15.287178234917219
          ],
          [
            -50.28174980086734,
            -15.377909982358378
          ],
          [
            -50.35142122364462,
            -15.46543442533448
          ],
          [
            -50.42552034222952,
            -15.549536726991795
          ],
          [
            -50.50387075213487,
            -15.63001015464146
          ],
          [
            -50.5862849290142,
            -15.706656620487903
          ],
          [
            -50.67256465796031,
            -15.779287203229874
          ],
          [
            -50.76250149853118,
            -15.84772264877045
          ],
          [
            -50.85587728472473,
            -15.911793848295149
          ],
          [
            -50.952464658907104,
            -15.971342292011338
          ],
          [
            -51.052027638478386,
            -16.026220496888108
          ],
          [
            -51.15432221383659,
            -16.076292406794018
          ],
          [
            -51.25909697597902,
            -16.12143376350054
          ],
          [
            -51.36609377186232,
            -16.16153244710187
          ],
          [
            -51.475048385432515,
            -16.196488784496715
          ],
          [
            -51.585691242035445,
            -16.226215824684292
          ],
          [
            -51.697748133731864,
            -16.250639579744284
          ],
          [
            -51.81094096287024,
            -16.26969923049875
          ],
          [
            -51.92498850111862,
            -16.283347295991042
          ],
          [
            -52.03960716102656,
            -16.29154976606237
          ],
          [
            -52.15451177708045,
            -16.2942861964592
          ],
          [
            -52.26941639313435,
            -16.29154976606237
          ],
          [
            -52.38403505304229,
            -16.283347295991042
          ],
          [
            -52.49808259129067,
            -16.26969923049875
          ],
          [
            -52.61127542042904,
            -16.250639579744284
          ],
          [
            -52.723332312125464,
            -16.226215824684292
          ],
          [
            -52.833975168728394,
            -16.196488784496715
          ],
          [
            -52.94292978229859,
            -16.16153244710187
          ],
          [
            -53.04992657818189,
            -16.12143376350054
          ],
          [
            -53.15470134032431,
            -16.07629240679402
          ],
          [
            -53.25699591568252,
            -16.026220496888108
          ],
          [
            -53.356558895253805,
            -15.971342292011338
          ],
          [
            -53.45314626943618,
            -15.911793848295149
          ],
          [
            -53.54652205562973,
            -15.84772264877045
          ],
          [
            -53.6364588962006,
            -15.779287203229874
          ],
          [
            -53.72273862514671,
            -15.706656620487903
          ],
          [
            -53.805152802026036,
            -15.63001015464146
          ],
          [
            -53.88350321193139,
            -15.549536726991795
          ],
          [
            -53.95760233051629,
            -15.46543442533448
          ],
          [
            -54.02727375329357,
            -15.377909982358378
          ],
          [
            -54.09235258863771,
            -15.287178234917219
          ],
          [
            -54.15268581412219,
            -15.193461565949368
          ],
          [
            -54.2081325960123,
            -15.0969893308233
          ],
          [
            -54.25856457191015,
            -14.997997269878969
          ],
          [
            -54.303866096710586,
            -14.896726908919769
          ],
          [
            -54.343934452173556,
            -14.79342494938683
          ],
          [
            -54.37868002054983,
            -14.68834264991828
          ],
          [
            -54.40802642281161,
            -14.581735200961422
          ],
          [
            -54.431910622138645,
            -14.473861094067233
          ],
          [
            -54.45028299339323,
            -14.364981487454152
          ],
          [
            -54.46310735938527,
            -14.255359569383776
          ],
          [
            -54.47036099478139,
            -14.145259920844879
          ],
          [
            -54.47203459855212,
            -14.034947878995437
          ],
          [
            -54.46813223587758,
            -13.924688902765364
          ],
          [
            -54.45867125044872,
            -13.814747941976488
          ],
          [
            -54.44368214810711,
            -13.705388811291067
          ],
          [
            -54.42320845276436,
            -13.596873570256482
          ],
          [
            -54.39730653553338,
            -13.489461910671956
          ],
          [
            -54.3660454179898,
            -13.383410552463298
          ],
          [
            -54.32950655046346,
            -13.27897264921415
          ],
          [
            -54.28778356624014,
            -13.176397204466587
          ],
          [
            -54.24098201253144,
            -13.075928499870729
          ],
          [
            -54.189219059049606,
            -12.977805536231454
          ],
          [
            -54.132623185003716,
            -12.882261488470762
          ],
          [
            -54.071333845315145,
            -12.7895231754959
          ],
          [
            -54.005501116835,
            -12.699810545936446
          ],
          [
            -53.93528532533439,
            -12.613336180686922
          ],
          [
            -53.86085665403035,
            -12.530304813165662
          ],
          [
            -53.78239473440695,
            -12.450912868174385
          ],
          [
            -53.700088220091935,
            -12.375348020216402
          ],
          [
            -53.614134344555005,
            -12.303788772103902
          ],
          [
            -53.5247384634035,
            -12.23640405465595
          ],
          [
            -53.43211358206553,
            -12.173352848258475
          ],
          [
            -53.33647986966827,
            -12.11478382702512
          ],
          [
            -53.23806415994034,
            -12.06083502626334
          ],
          [
            -53.137099439990806,
            -12.011633533912905
          ],
          [
            -53.0338243278432,
            -11.967295206584492
          ],
          [
            -52.928482539630274,
            -11.927924410783477
          ],
          [
            -52.82132234738254,
            -11.893613789858945
          ],
          [
            -52.712596028371905,
            -11.864444057169923
          ],
          [
            -52.60255930699771,
            -11.840483815910302
          ],
          [
            -52.49147079022861,
            -11.821789405980713
          ],
          [
            -52.37959139763571,
            -11.80840477824016
          ],
          [
            -52.26718378707338,
            -11.80036139641276
          ],
          [
            -52.15451177708045,
            -11.797678166865547
          ]
        ]
      }
    },
    {
      "type": "Feature",
      "properties": {
        "name": "DVS",
        "radius_km": 250.0,
        "Legenda_Raio": "Filial",
        "Tipo": "Filial",
        "GrupoRaio": "250km"
      },
      "geometry": {
        "type": "LineString",
        "coordinates": [
          [
            -44.05150721684723,
            -17.712954296746794
          ],
          [
            -43.93572588077822,
            -17.715625794013395
          ],
          [
            -43.820212672073346,
            -17.723634088382852
          ],
          [
            -43.705235161797965,
            -17.73696060065059
          ],
          [
            -43.59105980918449,
            -17.75557440907451
          ],
          [
            -43.477951407625795,
            -17.779432314693477
          ],
          [
            -43.36617253295566,
            -17.80847893261439
          ],
          [
            -43.255982994770946,
            -17.842646809109944
          ],
          [
            -43.147639291544365,
            -17.881856564325954
          ],
          [
            -43.041394070269625,
            -17.92601706035474
          ],
          [
            -42.93749559137379,
            -17.975025594390107
          ],
          [
            -42.836187199624426,
            -18.028768116639988
          ],
          [
            -42.737706801752836,
            -18.087119472634942
          ],
          [
            -42.64228635150934,
            -18.14994366953446
          ],
          [
            -42.5501513428631,
            -18.217094165998297
          ],
          [
            -42.46152031205811,
            -18.288414185157215
          ],
          [
            -42.376604349238704,
            -18.363737050185588
          ],
          [
            -42.295606620363515,
            -18.442886541948504
          ],
          [
            -42.21872190013601,
            -18.525677278166338
          ],
          [
            -42.146136116693754,
            -18.611915113511724
          ],
          [
            -42.07802590881681,
            -18.70139756002577
          ],
          [
            -42.01455819643917,
            -18.793914227212856
          ],
          [
            -41.95588976527543,
            -18.889247281145234
          ],
          [
            -41.90216686640842,
            -18.987171921880375
          ],
          [
            -41.853524831721344,
            -19.087456878464224
          ],
          [
            -41.81008770610053,
            -19.1898649207628
          ],
          [
            -41.771967897381366,
            -19.29415338733166
          ],
          [
            -41.7392658450592,
            -19.400074728497778
          ],
          [
            -41.712069708838904,
            -19.50737706379089
          ],
          [
            -41.69045507814972,
            -19.615804752820825
          ],
          [
            -41.674484703804985,
            -19.725098978653953
          ],
          [
            -41.66420825303791,
            -19.83499834269497
          ],
          [
            -41.659662089193326,
            -19.94523947002998
          ],
          [
            -41.66086907739943,
            -20.05555762413341
          ],
          [
            -41.667838417581784,
            -20.165687329784156
          ],
          [
            -41.680565506210975,
            -20.275363002976484
          ],
          [
            -41.69903182819586,
            -20.38431958654835
          ],
          [
            -41.72320488034183,
            -20.492293190184665
          ],
          [
            -41.753038127788045,
            -20.59902173338594
          ],
          [
            -41.78847099481594,
            -20.704245589924852
          ],
          [
            -41.8294288913836,
            -20.807708232244565
          ],
          [
            -41.87582327668279,
            -20.909156874184998
          ],
          [
            -41.92755176093879,
            -21.00834311035676
          ],
          [
            -41.98449824657514,
            -21.105023550418963
          ],
          [
            -42.04653310974534,
            -21.1989604464572
          ],
          [
            -42.11351342309167,
            -21.28992231160342
          ],
          [
            -42.18528322042708,
            -21.377684527990958
          ],
          [
            -42.26167380384993,
            -21.46202994209741
          ],
          [
            -42.34250409359423,
            -21.54274944549607
          ],
          [
            -42.42758102069101,
            -21.61964253901524
          ],
          [
            -42.51669996227165,
            -21.692517878294336
          ],
          [
            -42.60964521908265,
            -21.761193798727877
          ],
          [
            -42.70619053450724,
            -21.825498817804057
          ],
          [
            -42.806099654104294,
            -21.885272112874294
          ],
          [
            -42.909126924383514,
            -21.940363972434913
          ],
          [
            -43.015017929240535,
            -21.99063621906192
          ],
          [
            -43.12351016218122,
            -22.035962602215395
          ],
          [
            -43.23433373217463,
            -22.07622915922103
          ],
          [
            -43.347212100693426,
            -22.111334542842766
          ],
          [
            -43.461862847232375,
            -22.14119031398142
          ],
          [
            -43.57799846034572,
            -22.16572119816967
          ],
          [
            -43.695327151014666,
            -22.184865304681974
          ],
          [
            -43.813553684952346,
            -22.19857430723812
          ],
          [
            -43.93238023027795,
            -22.206813585449982
          ],
          [
            -44.05150721684723,
            -22.209562326340446
          ],
          [
            -44.17063420341651,
            -22.206813585449982
          ],
          [
            -44.28946074874211,
            -22.19857430723812
          ],
          [
            -44.407687282679795,
            -22.184865304681974
          ],
          [
            -44.52501597334874,
            -22.16572119816967
          ],
          [
            -44.64115158646208,
            -22.14119031398142
          ],
          [
            -44.755802333001036,
            -22.111334542842766
          ],
          [
            -44.86868070151982,
            -22.07622915922103
          ],
          [
            -44.97950427151324,
            -22.035962602215395
          ],
          [
            -45.08799650445392,
            -21.99063621906192
          ],
          [
            -45.19388750931094,
            -21.940363972434916
          ],
          [
            -45.29691477959017,
            -21.885272112874294
          ],
          [
            -45.39682389918721,
            -21.825498817804057
          ],
          [
            -45.493369214611796,
            -21.761193798727877
          ],
          [
            -45.58631447142281,
            -21.692517878294336
          ],
          [
            -45.675433413003454,
            -21.61964253901524
          ],
          [
            -45.760510340100225,
            -21.54274944549607
          ],
          [
            -45.841340629844524,
            -21.462029942097413
          ],
          [
            -45.91773121326738,
            -21.37768452799096
          ],
          [
            -45.98950101060279,
            -21.28992231160342
          ],
          [
            -46.056481323949114,
            -21.1989604464572
          ],
          [
            -46.11851618711931,
            -21.105023550418963
          ],
          [
            -46.17546267275567,
            -21.00834311035676
          ],
          [
            -46.22719115701167,
            -20.909156874184998
          ],
          [
            -46.273585542310855,
            -20.80770823224457
          ],
          [
            -46.314543438878516,
            -20.704245589924852
          ],
          [
            -46.34997630590641,
            -20.59902173338594
          ],
          [
            -46.37980955335262,
            -20.492293190184665
          ],
          [
            -46.403982605498605,
            -20.38431958654835
          ],
          [
            -46.42244892748348,
            -20.275363002976484
          ],
          [
            -46.43517601611267,
            -20.165687329784156
          ],
          [
            -46.44214535629502,
            -20.05555762413341
          ],
          [
            -46.443352344501136,
            -19.94523947002998
          ],
          [
            -46.43880618065654,
            -19.83499834269497
          ],
          [
            -46.42852972988947,
            -19.725098978653957
          ],
          [
            -46.412559355544744,
            -19.615804752820825
          ],
          [
            -46.39094472485556,
            -19.50737706379089
          ],
          [
            -46.363748588635254,
            -19.400074728497778
          ],
          [
            -46.33104653631309,
            -19.29415338733166
          ],
          [
            -46.29292672759392,
            -19.1898649207628
          ],
          [
            -46.24948960197312,
            -19.087456878464224
          ],
          [
            -46.20084756728603,
            -18.987171921880375
          ],
          [
            -46.14712466841903,
            -18.889247281145234
          ],
          [
            -46.088456237255286,
            -18.793914227212856
          ],
          [
            -46.02498852487764,
            -18.70139756002577
          ],
          [
            -45.9568783170007,
            -18.611915113511728
          ],
          [
            -45.88429253355845,
            -18.525677278166338
          ],
          [
            -45.80740781333094,
            -18.442886541948504
          ],
          [
            -45.72641008445575,
            -18.363737050185588
          ],
          [
            -45.64149412163635,
            -18.28841418515722
          ],
          [
            -45.55286309083136,
            -18.2170941659983
          ],
          [
            -45.46072808218511,
            -18.149943669534455
          ],
          [
            -45.36530763194162,
            -18.087119472634942
          ],
          [
            -45.266827234070036,
            -18.028768116639988
          ],
          [
            -45.165518842320665,
            -17.97502559439011
          ],
          [
            -45.06162036342483,
            -17.92601706035474
          ],
          [
            -44.955375142150096,
            -17.881856564325954
          ],
          [
            -44.84703143892351,
            -17.842646809109944
          ],
          [
            -44.736841900738796,
            -17.80847893261439
          ],
          [
            -44.62506302606866,
            -17.779432314693477
          ],
          [
            -44.51195462450997,
            -17.75557440907451
          ],
          [
            -44.397779271896496,
            -17.73696060065059
          ],
          [
            -44.28280176162111,
            -17.723634088382852
          ],
          [
            -44.16728855291623,
            -17.715625794013395
          ],
          [
            -44.05150721684723,
            -17.712954296746794
          ]
        ]
      }
    },
    {
      "type": "Feature",
      "properties": {
        "name": "BAMAQ",
        "radius_km": 250.0,
        "Legenda_Raio": "Filial",
        "Tipo": "Filial",
        "GrupoRaio": "250km"
      },
      "geometry": {
        "type": "LineString",
        "coordinates": [
          [
            -44.05150721684723,
            -17.712954296746794
          ],
          [
            -43.93572588077822,
            -17.715625794013395
          ],
          [
            -43.820212672073346,
            -17.723634088382852
          ],
          [
            -43.705235161797965,
            -17.73696060065059
          ],
          [
            -43.59105980918449,
            -17.75557440907451
          ],
          [
            -43.477951407625795,
            -17.779432314693477
          ],
          [
            -43.36617253295566,
            -17.80847893261439
          ],
          [
            -43.255982994770946,
            -17.842646809109944
          ],
          [
            -43.147639291544365,
            -17.881856564325954
          ],
          [
            -43.041394070269625,
            -17.92601706035474
          ],
          [
            -42.93749559137379,
            -17.975025594390107
          ],
          [
            -42.836187199624426,
            -18.028768116639988
          ],
          [
            -42.737706801752836,
            -18.087119472634942
          ],
          [
            -42.64228635150934,
            -18.14994366953446
          ],
          [
            -42.5501513428631,
            -18.217094165998297
          ],
          [
            -42.46152031205811,
            -18.288414185157215
          ],
          [
            -42.376604349238704,
            -18.363737050185588
          ],
          [
            -42.295606620363515,
            -18.442886541948504
          ],
          [
            -42.21872190013601,
            -18.525677278166338
          ],
          [
            -42.146136116693754,
            -18.611915113511724
          ],
          [
            -42.07802590881681,
            -18.70139756002577
          ],
          [
            -42.01455819643917,
            -18.793914227212856
          ],
          [
            -41.95588976527543,
            -18.889247281145234
          ],
          [
            -41.90216686640842,
            -18.987171921880375
          ],
          [
            -41.853524831721344,
            -19.087456878464224
          ],
          [
            -41.81008770610053,
            -19.1898649207628
          ],
          [
            -41.771967897381366,
            -19.29415338733166
          ],
          [
            -41.7392658450592,
            -19.400074728497778
          ],
          [
            -41.712069708838904,
            -19.50737706379089
          ],
          [
            -41.69045507814972,
            -19.615804752820825
          ],
          [
            -41.674484703804985,
            -19.725098978653953
          ],
          [
            -41.66420825303791,
            -19.83499834269497
          ],
          [
            -41.659662089193326,
            -19.94523947002998
          ],
          [
            -41.66086907739943,
            -20.05555762413341
          ],
          [
            -41.667838417581784,
            -20.165687329784156
          ],
          [
            -41.680565506210975,
            -20.275363002976484
          ],
          [
            -41.69903182819586,
            -20.38431958654835
          ],
          [
            -41.72320488034183,
            -20.492293190184665
          ],
          [
            -41.753038127788045,
            -20.59902173338594
          ],
          [
            -41.78847099481594,
            -20.704245589924852
          ],
          [
            -41.8294288913836,
            -20.807708232244565
          ],
          [
            -41.87582327668279,
            -20.909156874184998
          ],
          [
            -41.92755176093879,
            -21.00834311035676
          ],
          [
            -41.98449824657514,
            -21.105023550418963
          ],
          [
            -42.04653310974534,
            -21.1989604464572
          ],
          [
            -42.11351342309167,
            -21.28992231160342
          ],
          [
            -42.18528322042708,
            -21.377684527990958
          ],
          [
            -42.26167380384993,
            -21.46202994209741
          ],
          [
            -42.34250409359423,
            -21.54274944549607
          ],
          [
            -42.42758102069101,
            -21.61964253901524
          ],
          [
            -42.51669996227165,
            -21.692517878294336
          ],
          [
            -42.60964521908265,
            -21.761193798727877
          ],
          [
            -42.70619053450724,
            -21.825498817804057
          ],
          [
            -42.806099654104294,
            -21.885272112874294
          ],
          [
            -42.909126924383514,
            -21.940363972434913
          ],
          [
            -43.015017929240535,
            -21.99063621906192
          ],
          [
            -43.12351016218122,
            -22.035962602215395
          ],
          [
            -43.23433373217463,
            -22.07622915922103
          ],
          [
            -43.347212100693426,
            -22.111334542842766
          ],
          [
            -43.461862847232375,
            -22.14119031398142
          ],
          [
            -43.57799846034572,
            -22.16572119816967
          ],
          [
            -43.695327151014666,
            -22.184865304681974
          ],
          [
            -43.813553684952346,
            -22.19857430723812
          ],
          [
            -43.93238023027795,
            -22.206813585449982
          ],
          [
            -44.05150721684723,
            -22.209562326340446
          ],
          [
            -44.17063420341651,
            -22.206813585449982
          ],
          [
            -44.28946074874211,
            -22.19857430723812
          ],
          [
            -44.407687282679795,
            -22.184865304681974
          ],
          [
            -44.52501597334874,
            -22.16572119816967
          ],
          [
            -44.64115158646208,
            -22.14119031398142
          ],
          [
            -44.755802333001036,
            -22.111334542842766
          ],
          [
            -44.86868070151982,
            -22.07622915922103
          ],
          [
            -44.97950427151324,
            -22.035962602215395
          ],
          [
            -45.08799650445392,
            -21.99063621906192
          ],
          [
            -45.19388750931094,
            -21.940363972434916
          ],
          [
            -45.29691477959017,
            -21.885272112874294
          ],
          [
            -45.39682389918721,
            -21.825498817804057
          ],
          [
            -45.493369214611796,
            -21.761193798727877
          ],
          [
            -45.58631447142281,
            -21.692517878294336
          ],
          [
            -45.675433413003454,
            -21.61964253901524
          ],
          [
            -45.760510340100225,
            -21.54274944549607
          ],
          [
            -45.841340629844524,
            -21.462029942097413
          ],
          [
            -45.91773121326738,
            -21.37768452799096
          ],
          [
            -45.98950101060279,
            -21.28992231160342
          ],
          [
            -46.056481323949114,
            -21.1989604464572
          ],
          [
            -46.11851618711931,
            -21.105023550418963
          ],
          [
            -46.17546267275567,
            -21.00834311035676
          ],
          [
            -46.22719115701167,
            -20.909156874184998
          ],
          [
            -46.273585542310855,
            -20.80770823224457
          ],
          [
            -46.314543438878516,
            -20.704245589924852
          ],
          [
            -46.34997630590641,
            -20.59902173338594
          ],
          [
            -46.37980955335262,
            -20.492293190184665
          ],
          [
            -46.403982605498605,
            -20.38431958654835
          ],
          [
            -46.42244892748348,
            -20.275363002976484
          ],
          [
            -46.43517601611267,
            -20.165687329784156
          ],
          [
            -46.44214535629502,
            -20.05555762413341
          ],
          [
            -46.443352344501136,
            -19.94523947002998
          ],
          [
            -46.43880618065654,
            -19.83499834269497
          ],
          [
            -46.42852972988947,
            -19.725098978653957
          ],
          [
            -46.412559355544744,
            -19.615804752820825
          ],
          [
            -46.39094472485556,
            -19.50737706379089
          ],
          [
            -46.363748588635254,
            -19.400074728497778
          ],
          [
            -46.33104653631309,
            -19.29415338733166
          ],
          [
            -46.29292672759392,
            -19.1898649207628
          ],
          [
            -46.24948960197312,
            -19.087456878464224
          ],
          [
            -46.20084756728603,
            -18.987171921880375
          ],
          [
            -46.14712466841903,
            -18.889247281145234
          ],
          [
            -46.088456237255286,
            -18.793914227212856
          ],
          [
            -46.02498852487764,
            -18.70139756002577
          ],
          [
            -45.9568783170007,
            -18.611915113511728
          ],
          [
            -45.88429253355845,
            -18.525677278166338
          ],
          [
            -45.80740781333094,
            -18.442886541948504
          ],
          [
            -45.72641008445575,
            -18.363737050185588
          ],
          [
            -45.64149412163635,
            -18.28841418515722
          ],
          [
            -45.55286309083136,
            -18.2170941659983
          ],
          [
            -45.46072808218511,
            -18.149943669534455
          ],
          [
            -45.36530763194162,
            -18.087119472634942
          ],
          [
            -45.266827234070036,
            -18.028768116639988
          ],
          [
            -45.165518842320665,
            -17.97502559439011
          ],
          [
            -45.06162036342483,
            -17.92601706035474
          ],
          [
            -44.955375142150096,
            -17.881856564325954
          ],
          [
            -44.84703143892351,
            -17.842646809109944
          ],
          [
            -44.736841900738796,
            -17.80847893261439
          ],
          [
            -44.62506302606866,
            -17.779432314693477
          ],
          [
            -44.51195462450997,
            -17.75557440907451
          ],
          [
            -44.397779271896496,
            -17.73696060065059
          ],
          [
            -44.28280176162111,
            -17.723634088382852
          ],
          [
            -44.16728855291623,
            -17.715625794013395
          ],
          [
            -44.05150721684723,
            -17.712954296746794
          ]
        ]
      }
    },
    {
      "type": "Feature",
      "properties": {
        "name": "FILIAL BOA VISTA",
        "radius_km": 250.0,
        "Legenda_Raio": "Filial",
        "Tipo": "Filial",
        "GrupoRaio": "250km"
      },
      "geometry": {
        "type": "LineString",
        "coordinates": [
          [
            -60.67223484322435,
            5.0682810548187005
          ],
          [
            -60.561511584000975,
            5.065566238859414
          ],
          [
            -60.45105743753719,
            5.057428399504241
          ],
          [
            -60.34114083532909,
            5.043887345370917
          ],
          [
            -60.23202884852807,
            5.024976034380266
          ],
          [
            -60.123986513208486,
            5.000740489299079
          ],
          [
            -60.0172761621204,
            4.971239679910334
          ],
          [
            -59.91215676501732,
            4.936545372216751
          ],
          [
            -59.808883279590034,
            4.8967419451937815
          ],
          [
            -59.707706014964394,
            4.851926175713954
          ],
          [
            -59.608870009636526,
            4.802206992365296
          ],
          [
            -59.512614425624164,
            4.747705198981512
          ],
          [
            -59.41917196050822,
            4.688553168790317
          ],
          [
            -59.32876827892752,
            4.624894510168018
          ],
          [
            -59.241621464972056,
            4.556883705063129
          ],
          [
            -59.15794149679896,
            4.484685721218813
          ],
          [
            -59.07792974467149,
            4.408475599383514
          ],
          [
            -59.001778493497014,
            4.328438016750955
          ],
          [
            -58.929670490816626,
            4.24476682791512
          ],
          [
            -58.86177852107807,
            4.157664584662816
          ],
          [
            -58.79826500690677,
            4.067342035956535
          ],
          [
            -58.73928163797773,
            3.9740176094837802
          ],
          [
            -58.684969027985666,
            3.877916876166372
          ],
          [
            -58.635456400112126,
            3.7792719990350143
          ],
          [
            -58.59086130129762,
            3.678321167881214
          ],
          [
            -58.55128934554477,
            3.575308021101044
          ],
          [
            -58.51683398640395,
            3.4704810561439348
          ],
          [
            -58.487576318728905,
            3.3640930299753604
          ],
          [
            -58.46358490973183,
            3.2564003509554276
          ],
          [
            -58.44491565932032,
            3.1476624635268076
          ],
          [
            -58.431611689656705,
            3.038141227095554
          ],
          [
            -58.423703263847614,
            2.9281002904777966
          ],
          [
            -58.421207733643136,
            2.817804463274463
          ],
          [
            -58.42412951600362,
            2.707519085525492
          ],
          [
            -58.43246009837378,
            2.597509396984783
          ],
          [
            -58.44617807248905,
            2.4880399073476216
          ],
          [
            -58.46524919652685,
            2.3793737687536423
          ],
          [
            -58.48962648540328,
            2.2717721518806506
          ],
          [
            -58.51925032900395,
            2.1654936269377814
          ],
          [
            -58.55404863812441,
            2.060793550860399
          ],
          [
            -58.593937017879696,
            1.9579234620036792
          ],
          [
            -58.63881896832382,
            1.8571304836266718
          ],
          [
            -58.688586111996166,
            1.7586567374534847
          ],
          [
            -58.7431184480841,
            1.6627387685926898
          ],
          [
            -58.80228463285692,
            1.569606983089618
          ],
          [
            -58.86594228598671,
            1.4794850993784963
          ],
          [
            -58.933938322325375,
            1.3925896148917456
          ],
          [
            -59.006109308655034,
            1.3091292890717865
          ],
          [
            -59.08228184487002,
            1.2293046440158175
          ],
          [
            -59.162272968983956,
            1.1533074839656643
          ],
          [
            -59.24589058528559,
            1.081320434832576
          ],
          [
            -59.33293391489077,
            1.013516504920177
          ],
          [
            -59.42319396785926,
            0.9500586679773431
          ],
          [
            -59.51645403596187,
            0.8910994696762208
          ],
          [
            -59.61249020509754,
            0.8367806585685685
          ],
          [
            -59.711071886274524,
            0.7872328425260486
          ],
          [
            -59.81196236398226,
            0.7425751716167162
          ],
          [
            -59.91491936069578,
            0.7029150483109211
          ],
          [
            -60.01969561617164,
            0.6683478658450933
          ],
          [
            -60.126039480115146,
            0.6389567755016602
          ],
          [
            -60.233695516725,
            0.6148124834879097
          ],
          [
            -60.34240511955337,
            0.5959730780163114
          ],
          [
            -60.45190713505978,
            0.5824838871041084
          ],
          [
            -60.56193849318434,
            0.5743773675213945
          ],
          [
            -60.67223484322435,
            0.5716730252250481
          ],
          [
            -60.78253119326436,
            0.5743773675213945
          ],
          [
            -60.89256255138893,
            0.5824838871041084
          ],
          [
            -61.00206456689533,
            0.5959730780163114
          ],
          [
            -61.110774169723705,
            0.6148124834879097
          ],
          [
            -61.21843020633356,
            0.6389567755016602
          ],
          [
            -61.324774070277066,
            0.6683478658450929
          ],
          [
            -61.42955032575293,
            0.7029150483109211
          ],
          [
            -61.532507322466444,
            0.7425751716167162
          ],
          [
            -61.63339780017418,
            0.7872328425260486
          ],
          [
            -61.73197948135117,
            0.8367806585685685
          ],
          [
            -61.82801565048684,
            0.8910994696762203
          ],
          [
            -61.92127571858944,
            0.9500586679773427
          ],
          [
            -62.01153577155794,
            1.0135165049201766
          ],
          [
            -62.09857910116311,
            1.0813204348325758
          ],
          [
            -62.18219671746475,
            1.1533074839656638
          ],
          [
            -62.262187841578694,
            1.229304644015817
          ],
          [
            -62.33836037779367,
            1.309129289071786
          ],
          [
            -62.41053136412334,
            1.3925896148917445
          ],
          [
            -62.47852740046199,
            1.4794850993784967
          ],
          [
            -62.542185053591794,
            1.5696069830896175
          ],
          [
            -62.60135123836461,
            1.6627387685926893
          ],
          [
            -62.65588357445254,
            1.7586567374534845
          ],
          [
            -62.70565071812489,
            1.8571304836266704
          ],
          [
            -62.750532668569015,
            1.9579234620036774
          ],
          [
            -62.790421048324305,
            2.060793550860399
          ],
          [
            -62.82521935744475,
            2.1654936269377805
          ],
          [
            -62.85484320104543,
            2.2717721518806497
          ],
          [
            -62.879220489921856,
            2.3793737687536414
          ],
          [
            -62.898291613959664,
            2.48803990734762
          ],
          [
            -62.91200958807493,
            2.597509396984783
          ],
          [
            -62.92034017044509,
            2.707519085525492
          ],
          [
            -62.92326195280557,
            2.8178044632744625
          ],
          [
            -62.9207664226011,
            2.928100290477795
          ],
          [
            -62.912857996792,
            3.0381412270955526
          ],
          [
            -62.89955402712839,
            3.1476624635268076
          ],
          [
            -62.880884776716876,
            3.2564003509554276
          ],
          [
            -62.856893367719806,
            3.36409302997536
          ],
          [
            -62.82763570004475,
            3.4704810561439343
          ],
          [
            -62.793180340903945,
            3.575308021101043
          ],
          [
            -62.75360838515108,
            3.678321167881215
          ],
          [
            -62.70901328633658,
            3.7792719990350134
          ],
          [
            -62.65950065846304,
            3.877916876166372
          ],
          [
            -62.60518804847097,
            3.9740176094837802
          ],
          [
            -62.54620467954194,
            4.067342035956534
          ],
          [
            -62.48269116537064,
            4.1576645846628155
          ],
          [
            -62.41479919563208,
            4.244766827915121
          ],
          [
            -62.34269119295169,
            4.328438016750955
          ],
          [
            -62.26653994177721,
            4.408475599383514
          ],
          [
            -62.186528189649756,
            4.4846857212188125
          ],
          [
            -62.10284822147665,
            4.556883705063128
          ],
          [
            -62.015701407521185,
            4.624894510168019
          ],
          [
            -61.92529772594048,
            4.688553168790317
          ],
          [
            -61.83185526082455,
            4.747705198981511
          ],
          [
            -61.73559967681218,
            4.802206992365295
          ],
          [
            -61.63676367148431,
            4.851926175713954
          ],
          [
            -61.53558640685867,
            4.8967419451937815
          ],
          [
            -61.43231292143139,
            4.936545372216751
          ],
          [
            -61.3271935243283,
            4.971239679910334
          ],
          [
            -61.22048317324022,
            5.000740489299079
          ],
          [
            -61.11244083792064,
            5.024976034380266
          ],
          [
            -61.00332885111961,
            5.043887345370917
          ],
          [
            -60.89341224891152,
            5.057428399504241
          ],
          [
            -60.78295810244773,
            5.065566238859414
          ],
          [
            -60.67223484322435,
            5.0682810548187005
          ]
        ]
      }
    },
    {
      "type": "Feature",
      "properties": {
        "name": "FILIAL MARABÁ",
        "radius_km": 250.0,
        "Legenda_Raio": "Filial",
        "Tipo": "Filial",
        "GrupoRaio": "250km"
      },
      "geometry": {
        "type": "LineString",
        "coordinates": [
          [
            -49.12161393524679,
            -3.119993079908494
          ],
          [
            -49.011159120900274,
            -3.122692695253032
          ],
          [
            -48.9009682908336,
            -3.130785079278592
          ],
          [
            -48.79130480379519,
            -3.1442508614886315
          ],
          [
            -48.6824307690878,
            -3.163057809436242
          ],
          [
            -48.57460642587934,
            -3.187160906138992
          ],
          [
            -48.46808952732786,
            -3.2165024581485957
          ],
          [
            -48.36313473108217,
            -3.2510122339671548
          ],
          [
            -48.25999299768376,
            -3.2906076324176117
          ],
          [
            -48.158910998351814,
            -3.335193880494841
          ],
          [
            -48.060130533582246,
            -3.384664260146031
          ],
          [
            -47.963887963935065,
            -3.43890036335505
          ],
          [
            -47.87041365432223,
            -3.4977723748358405
          ],
          [
            -47.779931433042236,
            -3.5611393815747667
          ],
          [
            -47.69265806673863,
            -3.628849708401552
          ],
          [
            -47.60880275238893,
            -3.700741278713033
          ],
          [
            -47.528566627358906,
            -3.7766419994235823
          ],
          [
            -47.45214229848617,
            -3.8563701691705825
          ],
          [
            -47.379713391087236,
            -3.939734908762731
          ],
          [
            -47.31145411871518,
            -4.026536612822934
          ],
          [
            -47.247528874431076,
            -4.11656742154595
          ],
          [
            -47.1880918442923,
            -4.2096117114633
          ],
          [
            -47.133286643705965,
            -4.305446604084072
          ],
          [
            -47.08324597724525,
            -4.403842491259415
          ],
          [
            -47.03809132248218,
            -4.504563576100593
          ],
          [
            -46.99793263835114,
            -4.6073684282647065
          ],
          [
            -46.962868098524105,
            -4.712010552408215
          ],
          [
            -46.932983850250665,
            -4.818238968595765
          ],
          [
            -46.908353799092914,
            -4.9257988034399
          ],
          [
            -46.889039419967034,
            -5.034431890735811
          ],
          [
            -46.87508959488877,
            -5.1438773803437465
          ],
          [
            -46.866540477809046,
            -5.253872354059817
          ],
          [
            -46.86341538691629,
            -5.364152447203399
          ],
          [
            -46.86572472477473,
            -5.474452474635935
          ],
          [
            -46.873465926659584,
            -5.584507059911536
          ],
          [
            -46.88662343744138,
            -5.694051266244238
          ],
          [
            -46.90516871736057,
            -5.8028212279603455
          ],
          [
            -46.929060277018884,
            -5.910554781086783
          ],
          [
            -46.95824374189497,
            -6.016992091708342
          ],
          [
            -46.992651946666726,
            -6.121876280708108
          ],
          [
            -47.032205059591504,
            -6.22495404348686
          ],
          [
            -47.0768107371558,
            -6.325976263239156
          ],
          [
            -47.12636430915848,
            -6.424698616346644
          ],
          [
            -47.18074899433479,
            -6.520882168433649
          ],
          [
            -47.23983614656161,
            -6.61429395961671
          ],
          [
            -47.30348553160833,
            -6.704707577469325
          ],
          [
            -47.37154563431112,
            -6.791903716216305
          ],
          [
            -47.44385399595215,
            -6.87567072066964
          ],
          [
            -47.52023758151967,
            -6.955805113420237
          ],
          [
            -47.600513176410075,
            -7.032112103808163
          ],
          [
            -47.68448781201059,
            -7.104406077208526
          ],
          [
            -47.771959219471164,
            -7.172511063191689
          ],
          [
            -47.86271631083912,
            -7.2362611811454975
          ],
          [
            -47.956539686589814,
            -7.295501061984
          ],
          [
            -48.053202168444294,
            -7.35008624461242
          ],
          [
            -48.15246935622129,
            -7.399883545871534
          ],
          [
            -48.25410020732821,
            -7.444771402746913
          ],
          [
            -48.35784763735588,
            -7.484640185699083
          ],
          [
            -48.46345914010679,
            -7.519392482049799
          ],
          [
            -48.57067742525791,
            -7.548943348446763
          ],
          [
            -48.67924107173973,
            -7.573220531524033
          ],
          [
            -48.788885194803406,
            -7.592164655977335
          ],
          [
            -48.89934212465102,
            -7.605729379381925
          ],
          [
            -49.01034209442034,
            -7.613881513194831
          ],
          [
            -49.12161393524679,
            -7.616601109502148
          ],
          [
            -49.232885776073246,
            -7.613881513194831
          ],
          [
            -49.34388574584257,
            -7.605729379381925
          ],
          [
            -49.45434267569018,
            -7.592164655977335
          ],
          [
            -49.56398679875385,
            -7.573220531524033
          ],
          [
            -49.67255044523567,
            -7.548943348446763
          ],
          [
            -49.77976873038679,
            -7.519392482049799
          ],
          [
            -49.8853802331377,
            -7.484640185699085
          ],
          [
            -49.98912766316538,
            -7.444771402746913
          ],
          [
            -50.090758514272295,
            -7.3998835458715355
          ],
          [
            -50.19002570204929,
            -7.35008624461242
          ],
          [
            -50.28668818390377,
            -7.295501061984
          ],
          [
            -50.380511559654465,
            -7.2362611811454975
          ],
          [
            -50.47126865102243,
            -7.172511063191689
          ],
          [
            -50.558740058483,
            -7.104406077208526
          ],
          [
            -50.64271469408351,
            -7.0321121038081635
          ],
          [
            -50.72299028897392,
            -6.955805113420238
          ],
          [
            -50.79937387454144,
            -6.875670720669641
          ],
          [
            -50.871682236182465,
            -6.791903716216306
          ],
          [
            -50.93974233888525,
            -6.704707577469324
          ],
          [
            -51.00339172393198,
            -6.61429395961671
          ],
          [
            -51.0624788761588,
            -6.520882168433649
          ],
          [
            -51.1168635613351,
            -6.424698616346644
          ],
          [
            -51.16641713333779,
            -6.325976263239157
          ],
          [
            -51.21102281090207,
            -6.2249540434868615
          ],
          [
            -51.25057592382686,
            -6.121876280708108
          ],
          [
            -51.28498412859862,
            -6.016992091708343
          ],
          [
            -51.31416759347471,
            -5.910554781086784
          ],
          [
            -51.33805915313302,
            -5.802821227960346
          ],
          [
            -51.356604433052205,
            -5.69405126624424
          ],
          [
            -51.36976194383401,
            -5.584507059911536
          ],
          [
            -51.37750314571886,
            -5.474452474635935
          ],
          [
            -51.379812483577304,
            -5.364152447203399
          ],
          [
            -51.376687392684545,
            -5.253872354059818
          ],
          [
            -51.368138275604814,
            -5.143877380343747
          ],
          [
            -51.35418845052656,
            -5.03443189073581
          ],
          [
            -51.33487407140067,
            -4.9257988034399
          ],
          [
            -51.310244020242926,
            -4.818238968595766
          ],
          [
            -51.280359771969486,
            -4.712010552408216
          ],
          [
            -51.245295232142446,
            -4.607368428264707
          ],
          [
            -51.20513654801141,
            -4.504563576100593
          ],
          [
            -51.159981893248336,
            -4.403842491259415
          ],
          [
            -51.109941226787626,
            -4.305446604084073
          ],
          [
            -51.05513602620128,
            -4.2096117114633005
          ],
          [
            -50.99569899606251,
            -4.116567421545951
          ],
          [
            -50.9317737517784,
            -4.026536612822935
          ],
          [
            -50.863514479406355,
            -3.939734908762731
          ],
          [
            -50.79108557200742,
            -3.8563701691705825
          ],
          [
            -50.71466124313468,
            -3.7766419994235823
          ],
          [
            -50.63442511810466,
            -3.7007412787130334
          ],
          [
            -50.550569803754954,
            -3.6288497084015523
          ],
          [
            -50.46329643745135,
            -3.5611393815747663
          ],
          [
            -50.372814216171356,
            -3.4977723748358405
          ],
          [
            -50.279339906558526,
            -3.4389003633550503
          ],
          [
            -50.183097336911345,
            -3.3846642601460313
          ],
          [
            -50.08431687214178,
            -3.3351938804948413
          ],
          [
            -49.98323487280984,
            -3.290607632417612
          ],
          [
            -49.88009313941142,
            -3.2510122339671548
          ],
          [
            -49.77513834316573,
            -3.2165024581485957
          ],
          [
            -49.66862144461425,
            -3.187160906138992
          ],
          [
            -49.5607971014058,
            -3.1630578094362423
          ],
          [
            -49.4519230666984,
            -3.1442508614886315
          ],
          [
            -49.34225957965998,
            -3.130785079278592
          ],
          [
            -49.23206874959331,
            -3.122692695253032
          ],
          [
            -49.12161393524679,
            -3.119993079908494
          ]
        ]
      }
    },
    {
      "type": "Feature",
      "properties": {
        "name": "REGIONAL NORTE",
        "radius_km": 250.0,
        "Legenda_Raio": "Filial",
        "Tipo": "Filial",
        "GrupoRaio": "250km"
      },
      "geometry": {
        "type": "LineString",
        "coordinates": [
          [
            -45.70359216346996,
            -16.751427474550255
          ],
          [
            -45.58841203721111,
            -16.754100924724558
          ],
          [
            -45.47349923551059,
            -16.7621150597095
          ],
          [
            -45.35912052287279,
            -16.775451246139447
          ],
          [
            -45.24554154451304,
            -16.794078472541813
          ],
          [
            -45.13302626875796,
            -16.81795341545784
          ],
          [
            -45.021836431893945,
            -16.84702053184341
          ],
          [
            -44.91223098626999,
            -16.8812121775829
          ],
          [
            -44.80446555245374,
            -16.920448751903056
          ],
          [
            -44.69879187623076,
            -16.964638867429148
          ],
          [
            -44.595457291227184,
            -17.013679545582445
          ],
          [
            -44.49470418792643,
            -17.06745643697622
          ],
          [
            -44.396769489840594,
            -17.12584406642773
          ],
          [
            -44.301884137588864,
            -17.18870610216532
          ],
          [
            -44.21027258162781,
            -17.255895648773425
          ],
          [
            -44.1221522843733,
            -17.32725556338376
          ],
          [
            -44.03773323245154,
            -17.40261879458788
          ],
          [
            -43.957217459817144,
            -17.48180874351499
          ],
          [
            -43.880798582481106,
            -17.564639646488594
          ],
          [
            -43.80866134559986,
            -17.650916978646624
          ],
          [
            -43.74098118369011,
            -17.740437877881075
          ],
          [
            -43.677923794751756,
            -17.832991588425546
          ],
          [
            -43.6196447291044,
            -17.928359923390687
          ],
          [
            -43.56628899377026,
            -18.026317745519684
          ],
          [
            -43.517990673268635,
            -18.126633465406474
          ],
          [
            -43.47487256772388,
            -18.229069556389273
          ],
          [
            -43.43704584922901,
            -18.333383085300127
          ],
          [
            -43.404609737450805,
            -18.439326258217296
          ],
          [
            -43.37765119550815,
            -18.54664698033121
          ],
          [
            -43.35624464720263,
            -18.655089428995897
          ],
          [
            -43.340451716727685,
            -18.76439463899622
          ],
          [
            -43.330320992028746,
            -18.874301099016474
          ],
          [
            -43.3258878130307,
            -18.984545358248106
          ],
          [
            -43.32717408598777,
            -19.094862642023195
          ],
          [
            -43.33418812524499,
            -19.20498747530633
          ],
          [
            -43.34692452372552,
            -19.31465431282038
          ],
          [
            -43.36536405347501,
            -19.423598174521953
          ],
          [
            -43.389473597598844,
            -19.531555285080668
          ],
          [
            -43.4192061149203,
            -19.638263715952675
          ],
          [
            -43.45450063866482,
            -19.743464028574472
          ],
          [
            -43.49528231043684,
            -19.84689991713818
          ],
          [
            -43.541462450698404,
            -19.948318849345323
          ],
          [
            -43.59293866688326,
            -20.047472703473687
          ],
          [
            -43.649595000184455,
            -20.144118400031697
          ],
          [
            -43.71130211193651,
            -20.2380185262189
          ],
          [
            -43.777917510376156,
            -20.328941951359678
          ],
          [
            -43.849285818406756,
            -20.416664431432565
          ],
          [
            -43.92523908281204,
            -20.50096920077994
          ],
          [
            -44.0055971251657,
            -20.581647549053912
          ],
          [
            -44.090167934465086,
            -20.65849938143524
          ],
          [
            -44.17874810128214,
            -20.731333760154186
          ],
          [
            -44.27112329297462,
            -20.79996942534592
          ],
          [
            -44.36706876923758,
            -20.864235293290353
          ],
          [
            -44.46634993700293,
            -20.92397093011658
          ],
          [
            -44.568722943415565,
            -20.979026999097393
          ],
          [
            -44.67393530533277,
            -21.029265679718858
          ],
          [
            -44.78172657351228,
            -21.074561056784784
          ],
          [
            -44.89182902937764,
            -21.11479947790567
          ],
          [
            -45.003968411981525,
            -21.149879877825878
          ],
          [
            -45.11786467253253,
            -21.17971406816191
          ],
          [
            -45.23323275361179,
            -21.204226991256437
          ],
          [
            -45.349783389987856,
            -21.223356936997934
          ],
          [
            -45.46722392774334,
            -21.23705572161183
          ],
          [
            -45.58525915825985,
            -21.245288827595463
          ],
          [
            -45.70359216346996,
            -21.24803550414391
          ],
          [
            -45.821925168680075,
            -21.245288827595463
          ],
          [
            -45.939960399196586,
            -21.23705572161183
          ],
          [
            -46.05740093695207,
            -21.223356936997934
          ],
          [
            -46.17395157332814,
            -21.204226991256437
          ],
          [
            -46.2893196544074,
            -21.17971406816191
          ],
          [
            -46.4032159149584,
            -21.149879877825878
          ],
          [
            -46.51535529756229,
            -21.11479947790567
          ],
          [
            -46.625457753427646,
            -21.074561056784788
          ],
          [
            -46.73324902160716,
            -21.029265679718858
          ],
          [
            -46.83846138352436,
            -20.979026999097393
          ],
          [
            -46.940834389936995,
            -20.923970930116585
          ],
          [
            -47.04011555770234,
            -20.864235293290353
          ],
          [
            -47.136061033965305,
            -20.79996942534592
          ],
          [
            -47.22843622565779,
            -20.731333760154186
          ],
          [
            -47.31701639247484,
            -20.658499381435245
          ],
          [
            -47.40158720177423,
            -20.581647549053912
          ],
          [
            -47.481945244127886,
            -20.50096920077994
          ],
          [
            -47.55789850853317,
            -20.416664431432565
          ],
          [
            -47.62926681656377,
            -20.328941951359678
          ],
          [
            -47.695882215003415,
            -20.2380185262189
          ],
          [
            -47.75758932675547,
            -20.144118400031697
          ],
          [
            -47.81424566005666,
            -20.047472703473687
          ],
          [
            -47.86572187624152,
            -19.948318849345327
          ],
          [
            -47.91190201650308,
            -19.846899917138185
          ],
          [
            -47.9526836882751,
            -19.743464028574472
          ],
          [
            -47.98797821201963,
            -19.638263715952675
          ],
          [
            -48.017710729341076,
            -19.531555285080668
          ],
          [
            -48.041820273464914,
            -19.423598174521956
          ],
          [
            -48.06025980321441,
            -19.314654312820384
          ],
          [
            -48.072996201694934,
            -19.20498747530633
          ],
          [
            -48.080010240952156,
            -19.094862642023195
          ],
          [
            -48.08129651390923,
            -18.984545358248106
          ],
          [
            -48.07686333491118,
            -18.874301099016478
          ],
          [
            -48.06673261021224,
            -18.76439463899622
          ],
          [
            -48.05093967973729,
            -18.655089428995897
          ],
          [
            -48.029533131431776,
            -18.54664698033121
          ],
          [
            -48.00257458948912,
            -18.439326258217296
          ],
          [
            -47.97013847771091,
            -18.333383085300127
          ],
          [
            -47.93231175921605,
            -18.229069556389273
          ],
          [
            -47.88919365367129,
            -18.126633465406474
          ],
          [
            -47.84089533316967,
            -18.026317745519684
          ],
          [
            -47.787539597835526,
            -17.928359923390687
          ],
          [
            -47.72926053218817,
            -17.832991588425546
          ],
          [
            -47.66620314324982,
            -17.740437877881078
          ],
          [
            -47.59852298134006,
            -17.650916978646624
          ],
          [
            -47.52638574445882,
            -17.564639646488594
          ],
          [
            -47.44996686712278,
            -17.48180874351499
          ],
          [
            -47.36945109448838,
            -17.40261879458788
          ],
          [
            -47.28503204256663,
            -17.327255563383762
          ],
          [
            -47.196911745312114,
            -17.25589564877343
          ],
          [
            -47.105300189351055,
            -17.18870610216532
          ],
          [
            -47.01041483709933,
            -17.12584406642773
          ],
          [
            -46.912480139013496,
            -17.067456436976222
          ],
          [
            -46.81172703571274,
            -17.013679545582445
          ],
          [
            -46.70839245070917,
            -16.96463886742915
          ],
          [
            -46.60271877448619,
            -16.920448751903056
          ],
          [
            -46.49495334066994,
            -16.8812121775829
          ],
          [
            -46.38534789504598,
            -16.84702053184341
          ],
          [
            -46.27415805818197,
            -16.81795341545784
          ],
          [
            -46.16164278242689,
            -16.794078472541813
          ],
          [
            -46.048063804067134,
            -16.775451246139447
          ],
          [
            -45.93368509142934,
            -16.7621150597095
          ],
          [
            -45.81877228972882,
            -16.754100924724558
          ],
          [
            -45.70359216346996,
            -16.751427474550255
          ]
        ]
      }
    },
    {
      "type": "Feature",
      "properties": {
        "name": "FILIAL LUIZ EDUARDO MAGALHÃES",
        "radius_km": 250.0,
        "Legenda_Raio": "Filial",
        "Tipo": "Filial",
        "GrupoRaio": "250km"
      },
      "geometry": {
        "type": "LineString",
        "coordinates": [
          [
            -45.79062447201038,
            -9.815721868441937
          ],
          [
            -45.678694237837526,
            -9.818408904223412
          ],
          [
            -45.56702778593538,
            -9.826463668956436
          ],
          [
            -45.45588830851479,
            -9.839867149212363
          ],
          [
            -45.34553781888006,
            -9.858587703927673
          ],
          [
            -45.23623656500321,
            -9.882581136260766
          ],
          [
            -45.12824244671579,
            -9.911790793953223
          ],
          [
            -45.02181043769933,
            -9.946147697959212
          ],
          [
            -44.91719201343418,
            -9.985570699042027
          ],
          [
            -44.81463458624194,
            -10.029966661973925
          ],
          [
            -44.71438094852743,
            -10.079230676915019
          ],
          [
            -44.616668725294915,
            -10.133246297489201
          ],
          [
            -44.521729836978366,
            -10.191885805020128
          ],
          [
            -44.42978997359055,
            -10.255010498338494
          ],
          [
            -44.34106808115872,
            -10.322471008523136
          ],
          [
            -44.255775861378424,
            -10.394107637893033
          ],
          [
            -44.174117285381335,
            -10.46975072252511
          ],
          [
            -44.09628812247886,
            -10.549221017533533
          ],
          [
            -44.022475484711954,
            -10.632330104310137
          ],
          [
            -43.952857388008425,
            -10.718880818892087
          ],
          [
            -43.88760233072435,
            -10.808667700592077
          ],
          [
            -43.82686889032487,
            -10.90147745999746
          ],
          [
            -43.77080533894282,
            -10.997089465417819
          ],
          [
            -43.7195492785417,
            -11.095276246834862
          ],
          [
            -43.67322729640137,
            -11.195804016383924
          ],
          [
            -43.63195464164238,
            -11.298433204372387
          ],
          [
            -43.595834923505144,
            -11.402919009816396
          ],
          [
            -43.56495983210592,
            -11.509011964453181
          ],
          [
            -43.539408882399066,
            -11.616458509161397
          ],
          [
            -43.519249182086185,
            -11.725001581696208
          ],
          [
            -43.504535224225,
            -11.834381214618688
          ],
          [
            -43.4953087053038,
            -11.944335142270466
          ],
          [
            -43.49159836956006,
            -12.054599415614197
          ],
          [
            -43.49341988033247,
            -12.164909023728235
          ],
          [
            -43.50077571924373,
            -12.274998520709852
          ],
          [
            -43.51365511401487,
            -12.38460265670557
          ],
          [
            -43.53203399570989,
            -12.493457011749785
          ],
          [
            -43.555874986199726,
            -12.60129863105419
          ],
          [
            -43.58512741661738,
            -12.707866660350778
          ],
          [
            -43.61972737754788,
            -12.812902979851213
          ],
          [
            -43.65959780165847,
            -12.91615283534516
          ],
          [
            -43.70464857942369,
            -13.017365464920957
          ],
          [
            -43.75477670853629,
            -13.116294719754059
          ],
          [
            -43.809866477517666,
            -13.212699677373136
          ],
          [
            -43.86978968394978,
            -13.306345245781142
          ],
          [
            -43.934405887644736,
            -13.397002756780244
          ],
          [
            -44.00356269894708,
            -13.484450546825874
          ],
          [
            -44.077096102229966,
            -13.568474523717514
          ],
          [
            -44.1548308144971,
            -13.648868717422886
          ],
          [
            -44.2365806788421,
            -13.72543581332906
          ],
          [
            -44.32214909234378,
            -13.797987666219175
          ],
          [
            -44.411329467793614,
            -13.866345793288161
          ],
          [
            -44.503905728460786,
            -13.930341844535322
          ],
          [
            -44.599652834902905,
            -13.989818048906779
          ],
          [
            -44.698337342629976,
            -14.044627634606734
          ],
          [
            -44.79971798922634,
            -14.094635222053908
          ],
          [
            -44.90354630933417,
            -14.139717188028131
          ],
          [
            -45.0095672757047,
            -14.179761999632154
          ],
          [
            -45.1175199643324,
            -14.214670516784958
          ],
          [
            -45.22713824150606,
            -14.24435626206483
          ],
          [
            -45.33815147044122,
            -14.268745656832676
          ],
          [
            -45.45028523500408,
            -14.287778222687727
          ],
          [
            -45.56326207789934,
            -14.301406747438108
          ],
          [
            -45.67680225057622,
            -14.309597414906529
          ],
          [
            -45.79062447201038,
            -14.31232989803559
          ],
          [
            -45.90444669344453,
            -14.309597414906529
          ],
          [
            -46.01798686612142,
            -14.301406747438108
          ],
          [
            -46.13096370901666,
            -14.287778222687727
          ],
          [
            -46.243097473579525,
            -14.268745656832676
          ],
          [
            -46.354110702514696,
            -14.24435626206483
          ],
          [
            -46.463728979688355,
            -14.214670516784958
          ],
          [
            -46.57168166831606,
            -14.179761999632154
          ],
          [
            -46.67770263468659,
            -14.139717188028131
          ],
          [
            -46.78153095479441,
            -14.094635222053908
          ],
          [
            -46.88291160139078,
            -14.044627634606734
          ],
          [
            -46.98159610911785,
            -13.989818048906779
          ],
          [
            -47.07734321555997,
            -13.930341844535322
          ],
          [
            -47.169919476227136,
            -13.866345793288161
          ],
          [
            -47.25909985167698,
            -13.797987666219175
          ],
          [
            -47.344668265178655,
            -13.72543581332906
          ],
          [
            -47.426418129523654,
            -13.648868717422886
          ],
          [
            -47.50415284179079,
            -13.568474523717514
          ],
          [
            -47.577686245073664,
            -13.484450546825876
          ],
          [
            -47.646843056376014,
            -13.397002756780244
          ],
          [
            -47.71145926007097,
            -13.306345245781142
          ],
          [
            -47.771382466503084,
            -13.212699677373136
          ],
          [
            -47.82647223548446,
            -13.11629471975406
          ],
          [
            -47.87660036459706,
            -13.017365464920957
          ],
          [
            -47.92165114236228,
            -12.916152835345162
          ],
          [
            -47.961521566472875,
            -12.812902979851213
          ],
          [
            -47.996121527403375,
            -12.70786666035078
          ],
          [
            -48.02537395782103,
            -12.60129863105419
          ],
          [
            -48.04921494831087,
            -12.493457011749786
          ],
          [
            -48.06759383000589,
            -12.384602656705571
          ],
          [
            -48.08047322477703,
            -12.274998520709852
          ],
          [
            -48.08782906368829,
            -12.164909023728235
          ],
          [
            -48.08965057446069,
            -12.054599415614197
          ],
          [
            -48.08594023871696,
            -11.944335142270466
          ],
          [
            -48.07671371979576,
            -11.834381214618688
          ],
          [
            -48.061999761934565,
            -11.725001581696208
          ],
          [
            -48.04184006162169,
            -11.616458509161397
          ],
          [
            -48.01628911191483,
            -11.509011964453183
          ],
          [
            -47.985414020515606,
            -11.402919009816397
          ],
          [
            -47.94929430237838,
            -11.298433204372387
          ],
          [
            -47.90802164761938,
            -11.195804016383924
          ],
          [
            -47.86169966547906,
            -11.095276246834862
          ],
          [
            -47.810443605077936,
            -10.997089465417819
          ],
          [
            -47.75438005369588,
            -10.90147745999746
          ],
          [
            -47.6936466132964,
            -10.808667700592077
          ],
          [
            -47.62839155601233,
            -10.718880818892089
          ],
          [
            -47.5587734593088,
            -10.632330104310135
          ],
          [
            -47.4849608215419,
            -10.549221017533533
          ],
          [
            -47.40713165863942,
            -10.469750722525111
          ],
          [
            -47.32547308264233,
            -10.394107637893033
          ],
          [
            -47.24018086286203,
            -10.322471008523136
          ],
          [
            -47.151458970430205,
            -10.255010498338494
          ],
          [
            -47.05951910704239,
            -10.191885805020128
          ],
          [
            -46.96458021872584,
            -10.133246297489201
          ],
          [
            -46.86686799549332,
            -10.079230676915019
          ],
          [
            -46.76661435777882,
            -10.029966661973925
          ],
          [
            -46.664056930586575,
            -9.985570699042027
          ],
          [
            -46.55943850632143,
            -9.946147697959212
          ],
          [
            -46.45300649730497,
            -9.911790793953223
          ],
          [
            -46.34501237901754,
            -9.882581136260766
          ],
          [
            -46.23571112514069,
            -9.858587703927675
          ],
          [
            -46.12536063550597,
            -9.839867149212365
          ],
          [
            -46.01422115808537,
            -9.826463668956436
          ],
          [
            -45.90255470618323,
            -9.818408904223412
          ],
          [
            -45.79062447201038,
            -9.815721868441937
          ]
        ]
      }
    },
    {
      "type": "Feature",
      "properties": {
        "name": "ARMANDO FELIX ALBUQUERQUE SANTOS",
        "radius_km": 250.0,
        "Legenda_Raio": "Terceiros",
        "Tipo": "Terceiros",
        "GrupoRaio": "250km"
      },
      "geometry": {
        "type": "LineString",
        "coordinates": [
          [
            -49.5676548195544,
            -1.5292675986368638
          ],
          [
            -49.45732457549555,
            -1.5319701661644212
          ],
          [
            -49.34725888372804,
            -1.540071378476165
          ],
          [
            -49.237721661382565,
            -1.5535517805574461
          ],
          [
            -49.12897555698801,
            -1.5723789999969593
          ],
          [
            -49.0212813204586,
            -1.5965078257410497
          ],
          [
            -48.914897178197634,
            -1.6258803180203831
          ],
          [
            -48.81007821497534,
            -1.6604259491226618
          ],
          [
            -48.707075764198066,
            -1.7000617745961761
          ],
          [
            -48.60613680813785,
            -1.744692634383199
          ],
          [
            -48.507503389633655,
            -1.7942113833001239
          ],
          [
            -48.41141203671373,
            -1.8484991502033843
          ],
          [
            -48.31809320151721,
            -1.907425625106907
          ],
          [
            -48.22777071482098,
            -1.9708493734485875
          ],
          [
            -48.140661257398904,
            -2.038618176640182
          ],
          [
            -48.05697384936153,
            -2.110569397977342
          ],
          [
            -47.9769093585434,
            -2.186530372934266
          ],
          [
            -47.900660028924435,
            -2.2663188228206397
          ],
          [
            -47.82840902999268,
            -2.349743290737027
          ],
          [
            -47.76033002787842,
            -2.4366035987284986
          ],
          [
            -47.69658677901669,
            -2.5266913250047414
          ],
          [
            -47.63733274702497,
            -2.619790300067845
          ],
          [
            -47.5827107434188,
            -2.715677120566049
          ],
          [
            -47.53285259272868,
            -2.8141216796724393
          ],
          [
            -47.48787882252808,
            -2.914887712771483
          ],
          [
            -47.44789837883552,
            -3.017733357222865
          ],
          [
            -47.41300836731161,
            -3.122411724960808
          ],
          [
            -47.38329382063738,
            -3.2286714866774098
          ],
          [
            -47.35882749242978,
            -3.3362574663300673
          ],
          [
            -47.33966967802596,
            -3.44491124470519
          ],
          [
            -47.325868062448336,
            -3.554371770762904
          ],
          [
            -47.31745759584499,
            -3.6643759794796833
          ],
          [
            -47.31446039668793,
            -3.7746594148977493
          ],
          [
            -47.31688568299965,
            -3.884956857081207
          ],
          [
            -47.324729731867976,
            -3.9950029516692096
          ],
          [
            -47.337975867498216,
            -4.10453284070577
          ],
          [
            -47.356594478040144,
            -4.213282793414242
          ],
          [
            -47.380543061411664,
            -4.320990835572001
          ],
          [
            -47.409766300323206,
            -4.427397376127698
          ],
          [
            -47.444196166683255,
            -4.5322458296898365
          ],
          [
            -47.483752055536705,
            -4.635283233501751
          ],
          [
            -47.52834094865122,
            -4.736260857504645
          ],
          [
            -47.57785760782409,
            -4.834934806077866
          ],
          [
            -47.63218479793008,
            -4.931066610034349
          ],
          [
            -47.6911935396699,
            -5.024423807439983
          ],
          [
            -47.75474339191096,
            -5.1147805118190695
          ],
          [
            -47.82268276343179,
            -5.201917966304652
          ],
          [
            -47.8948492537954,
            -5.28562508229318
          ],
          [
            -47.97107002297963,
            -5.365698961168131
          ],
          [
            -48.05116218928886,
            -5.441945397667754
          ],
          [
            -48.13493325495865,
            -5.514179363488385
          ],
          [
            -48.222181558747224,
            -5.582225469737599
          ],
          [
            -48.31269675468336,
            -5.645918406881171
          ],
          [
            -48.406260316012904,
            -5.705103360864775
          ],
          [
            -48.50264606325474,
            -5.7596364041360895
          ],
          [
            -48.60162071514731,
            -5.809384860345501
          ],
          [
            -48.702944461134,
            -5.85422764156405
          ],
          [
            -48.80637155390949,
            -5.8940555569257995
          ],
          [
            -48.91165092042402,
            -5.928771591678013
          ],
          [
            -49.01852678962565,
            -5.9582911557063385
          ],
          [
            -49.12673933510994,
            -5.982542300693224
          ],
          [
            -49.236025330747204,
            -6.00146590516528
          ],
          [
            -49.346118817267296,
            -6.015015826789041
          ],
          [
            -49.45675177770605,
            -6.023159021383417
          ],
          [
            -49.5676548195544,
            -6.025875628230517
          ],
          [
            -49.67855786140274,
            -6.023159021383417
          ],
          [
            -49.7891908218415,
            -6.015015826789041
          ],
          [
            -49.899284308361615,
            -6.00146590516528
          ],
          [
            -50.00857030399888,
            -5.982542300693224
          ],
          [
            -50.116782849483165,
            -5.9582911557063385
          ],
          [
            -50.223658718684796,
            -5.928771591678013
          ],
          [
            -50.328938085199326,
            -5.8940555569257995
          ],
          [
            -50.432365177974816,
            -5.85422764156405
          ],
          [
            -50.533688923961506,
            -5.809384860345501
          ],
          [
            -50.63266357585406,
            -5.7596364041360895
          ],
          [
            -50.729049323095914,
            -5.705103360864775
          ],
          [
            -50.82261288442543,
            -5.645918406881171
          ],
          [
            -50.91312808036159,
            -5.582225469737599
          ],
          [
            -51.000376384150165,
            -5.5141793634883856
          ],
          [
            -51.08414744981994,
            -5.441945397667755
          ],
          [
            -51.16423961612918,
            -5.365698961168132
          ],
          [
            -51.24046038531342,
            -5.285625082293179
          ],
          [
            -51.312626875677,
            -5.201917966304653
          ],
          [
            -51.380566247197855,
            -5.1147805118190695
          ],
          [
            -51.44411609943892,
            -5.024423807439983
          ],
          [
            -51.50312484117874,
            -4.93106661003435
          ],
          [
            -51.5574520312847,
            -4.834934806077867
          ],
          [
            -51.6069686904576,
            -4.736260857504646
          ],
          [
            -51.65155758357211,
            -4.635283233501751
          ],
          [
            -51.691113472425535,
            -4.5322458296898365
          ],
          [
            -51.72554333878561,
            -4.427397376127698
          ],
          [
            -51.754766577697126,
            -4.320990835572002
          ],
          [
            -51.778715161068654,
            -4.213282793414243
          ],
          [
            -51.7973337716106,
            -4.10453284070577
          ],
          [
            -51.81057990724084,
            -3.995002951669209
          ],
          [
            -51.81842395610917,
            -3.884956857081207
          ],
          [
            -51.82084924242089,
            -3.77465941489775
          ],
          [
            -51.81785204326383,
            -3.664375979479684
          ],
          [
            -51.809441576660454,
            -3.554371770762905
          ],
          [
            -51.79563996108283,
            -3.4449112447051897
          ],
          [
            -51.77648214667903,
            -3.3362574663300673
          ],
          [
            -51.75201581847141,
            -3.22867148667741
          ],
          [
            -51.72230127179718,
            -3.122411724960808
          ],
          [
            -51.687411260273294,
            -3.017733357222866
          ],
          [
            -51.64743081658071,
            -2.9148877127714825
          ],
          [
            -51.60245704638014,
            -2.8141216796724393
          ],
          [
            -51.55259889568999,
            -2.715677120566049
          ],
          [
            -51.49797689208385,
            -2.619790300067845
          ],
          [
            -51.43872286009213,
            -2.5266913250047423
          ],
          [
            -51.3749796112304,
            -2.436603598728498
          ],
          [
            -51.30690060911614,
            -2.3497432907370266
          ],
          [
            -51.234649610184356,
            -2.2663188228206397
          ],
          [
            -51.15840028056541,
            -2.1865303729342664
          ],
          [
            -51.078335789747285,
            -2.1105693979773426
          ],
          [
            -50.99464838170991,
            -2.038618176640181
          ],
          [
            -50.90753892428781,
            -1.970849373448587
          ],
          [
            -50.81721643759158,
            -1.907425625106907
          ],
          [
            -50.723897602395084,
            -1.8484991502033843
          ],
          [
            -50.627806249475135,
            -1.794211383300124
          ],
          [
            -50.52917283097097,
            -1.7446926343831994
          ],
          [
            -50.428233874910724,
            -1.7000617745961761
          ],
          [
            -50.32523142413348,
            -1.6604259491226618
          ],
          [
            -50.220412460911156,
            -1.6258803180203831
          ],
          [
            -50.11402831865019,
            -1.5965078257410497
          ],
          [
            -50.00633408212078,
            -1.5723789999969593
          ],
          [
            -49.897587977726225,
            -1.5535517805574461
          ],
          [
            -49.78805075538077,
            -1.540071378476165
          ],
          [
            -49.67798506361327,
            -1.5319701661644212
          ],
          [
            -49.5676548195544,
            -1.5292675986368638
          ]
        ]
      }
    },
    {
      "type": "Feature",
      "properties": {
        "name": "GERSON EUFRASIO",
        "radius_km": 250.0,
        "Legenda_Raio": "Terceiros",
        "Tipo": "Terceiros",
        "GrupoRaio": "250km"
      },
      "geometry": {
        "type": "LineString",
        "coordinates": [
          [
            -43.0233787331207,
            -4.532955636728463
          ],
          [
            -42.91274144410813,
            -4.535652622426246
          ],
          [
            -42.80236780324967,
            -4.543737142608742
          ],
          [
            -42.692520841302546,
            -4.557189901832371
          ],
          [
            -42.58346235575888,
            -4.5759787919452934
          ],
          [
            -42.47545229802656,
            -4.60005896832044
          ],
          [
            -42.36874816516269,
            -4.629372956286529
          ],
          [
            -42.263604397637415,
            -4.663850787464531
          ],
          [
            -42.16027178457488,
            -4.703410165637073
          ],
          [
            -42.058996877877036,
            -4.747956661701154
          ],
          [
            -41.96002141659118,
            -4.797383937180427
          ],
          [
            -41.86358176283065,
            -4.851573995702867
          ],
          [
            -41.769908350502305,
            -4.9103974617831465
          ],
          [
            -41.67922514803542,
            -4.973713886186737
          ],
          [
            -41.591749136244786,
            -5.041372077094888
          ],
          [
            -41.50768980239783,
            -5.113210456236319
          ],
          [
            -41.42724865149177,
            -5.18905743910277
          ],
          [
            -41.350618735684506,
            -5.268731838321272
          ],
          [
            -41.27798420276086,
            -5.352043289216291
          ],
          [
            -41.20951986445806,
            -5.438792696559296
          ],
          [
            -41.14539078541788,
            -5.528772701471667
          ],
          [
            -41.08575189348163,
            -5.621768167418851
          ],
          [
            -41.030747611998024,
            -5.717556684208931
          ],
          [
            -40.98051151477044,
            -5.815909088886808
          ],
          [
            -40.93516600423451,
            -5.91659000239561
          ],
          [
            -40.89482201342488,
            -6.019358380859307
          ],
          [
            -40.85957873226378,
            -6.12396808032426
          ],
          [
            -40.82952335868278,
            -6.230168433782148
          ],
          [
            -40.80473087507235,
            -6.337704839281998
          ],
          [
            -40.785263850541625,
            -6.446319357924351
          ],
          [
            -40.77117226946065,
            -6.555751320515694
          ],
          [
            -40.76249338675211,
            -6.665737941645754
          ],
          [
            -40.75925161039269,
            -6.776014939933872
          ],
          [
            -40.76145841158138,
            -6.886317163173211
          ],
          [
            -40.76911226302565,
            -6.996379217083036
          ],
          [
            -40.78219860579009,
            -7.105936096359465
          ],
          [
            -40.80068984514244,
            -7.214723816694253
          ],
          [
            -40.824545375817124,
            -7.322480046409322
          ],
          [
            -40.85371163709802,
            -7.428944736332188
          ],
          [
            -40.88812219809518,
            -7.533860746514418
          ],
          [
            -40.92769787355779,
            -7.636974468372508
          ],
          [
            -40.972346870522635,
            -7.738036440807936
          ],
          [
            -41.02196496604643,
            -7.836801958842108
          ],
          [
            -41.076435716209076,
            -7.9330316732821835
          ],
          [
            -41.13563069650276,
            -8.026492179916756
          ],
          [
            -41.1994097736391,
            -8.116956596726299
          ],
          [
            -41.267621408713474,
            -8.204205127583245
          ],
          [
            -41.340102991561174,
            -8.2880256109111
          ],
          [
            -41.41668120602585,
            -8.368214051771904
          ],
          [
            -41.49717242573689,
            -8.444575135857495
          ],
          [
            -41.581383139859604,
            -8.516922723872762
          ],
          [
            -41.66911040814241,
            -8.585080324819497
          ],
          [
            -41.760142344438066,
            -8.648881546717584
          ],
          [
            -41.854258627726466,
            -8.708170523336982
          ],
          [
            -41.95123103951085,
            -8.76280231555943
          ],
          [
            -42.05082402630622,
            -8.812643286043201
          ],
          [
            -42.15279528578366,
            -8.857571445927908
          ],
          [
            -42.25689637498364,
            -8.897476772388895
          ],
          [
            -42.362873338866216,
            -8.932261495932543
          ],
          [
            -42.47046735732671,
            -8.96184035641386
          ],
          [
            -42.57941540867705,
            -8.986140826856237
          ],
          [
            -42.68945094747442,
            -9.005103304259203
          ],
          [
            -42.800304594474895,
            -9.018681266692804
          ],
          [
            -42.911704836398705,
            -9.026841396096222
          ],
          [
            -43.0233787331207,
            -9.029563666322115
          ],
          [
            -43.13505262984269,
            -9.026841396096222
          ],
          [
            -43.2464528717665,
            -9.018681266692804
          ],
          [
            -43.357306518766976,
            -9.005103304259203
          ],
          [
            -43.467342057564366,
            -8.986140826856237
          ],
          [
            -43.576290108914684,
            -8.96184035641386
          ],
          [
            -43.68388412737518,
            -8.932261495932543
          ],
          [
            -43.789861091257784,
            -8.897476772388895
          ],
          [
            -43.89396218045776,
            -8.857571445927908
          ],
          [
            -43.99593343993517,
            -8.812643286043201
          ],
          [
            -44.095526426730565,
            -8.76280231555943
          ],
          [
            -44.19249883851493,
            -8.708170523336982
          ],
          [
            -44.28661512180333,
            -8.648881546717584
          ],
          [
            -44.37764705809901,
            -8.585080324819497
          ],
          [
            -44.46537432638179,
            -8.516922723872762
          ],
          [
            -44.54958504050453,
            -8.444575135857495
          ],
          [
            -44.630076260215546,
            -8.368214051771906
          ],
          [
            -44.70665447468022,
            -8.2880256109111
          ],
          [
            -44.77913605752794,
            -8.204205127583247
          ],
          [
            -44.8473476926023,
            -8.116956596726297
          ],
          [
            -44.91112676973864,
            -8.026492179916755
          ],
          [
            -44.97032175003232,
            -7.9330316732821835
          ],
          [
            -45.02479250019496,
            -7.836801958842108
          ],
          [
            -45.07441059571876,
            -7.738036440807938
          ],
          [
            -45.119059592683605,
            -7.636974468372508
          ],
          [
            -45.15863526814624,
            -7.533860746514418
          ],
          [
            -45.1930458291434,
            -7.428944736332188
          ],
          [
            -45.22221209042427,
            -7.322480046409324
          ],
          [
            -45.24606762109895,
            -7.214723816694253
          ],
          [
            -45.264558860451324,
            -7.105936096359465
          ],
          [
            -45.277645203215776,
            -6.996379217083036
          ],
          [
            -45.28529905466004,
            -6.886317163173211
          ],
          [
            -45.28750585584873,
            -6.776014939933873
          ],
          [
            -45.28426407948931,
            -6.665737941645755
          ],
          [
            -45.275585196780774,
            -6.555751320515696
          ],
          [
            -45.2614936156998,
            -6.4463193579243505
          ],
          [
            -45.242026591169044,
            -6.337704839281998
          ],
          [
            -45.21723410755864,
            -6.230168433782149
          ],
          [
            -45.187178733977625,
            -6.123968080324261
          ],
          [
            -45.15193545281652,
            -6.019358380859308
          ],
          [
            -45.11159146200691,
            -5.916590002395609
          ],
          [
            -45.06624595147098,
            -5.815909088886809
          ],
          [
            -45.01600985424339,
            -5.717556684208931
          ],
          [
            -44.96100557275979,
            -5.6217681674188515
          ],
          [
            -44.90136668082354,
            -5.528772701471668
          ],
          [
            -44.837237601783336,
            -5.438792696559296
          ],
          [
            -44.768773263480554,
            -5.352043289216291
          ],
          [
            -44.69613873055691,
            -5.268731838321272
          ],
          [
            -44.61950881474963,
            -5.18905743910277
          ],
          [
            -44.53906766384357,
            -5.11321045623632
          ],
          [
            -44.45500832999661,
            -5.041372077094888
          ],
          [
            -44.367532318205996,
            -4.973713886186737
          ],
          [
            -44.27684911573909,
            -4.9103974617831465
          ],
          [
            -44.18317570341075,
            -4.851573995702867
          ],
          [
            -44.08673604965021,
            -4.797383937180427
          ],
          [
            -43.98776058836438,
            -4.747956661701155
          ],
          [
            -43.88648568166654,
            -4.703410165637072
          ],
          [
            -43.783153068604,
            -4.663850787464531
          ],
          [
            -43.6780093010787,
            -4.629372956286529
          ],
          [
            -43.571305168214835,
            -4.60005896832044
          ],
          [
            -43.46329511048254,
            -4.575978791945294
          ],
          [
            -43.35423662493885,
            -4.557189901832371
          ],
          [
            -43.24438966299174,
            -4.543737142608742
          ],
          [
            -43.13401602213327,
            -4.535652622426246
          ],
          [
            -43.0233787331207,
            -4.532955636728463
          ]
        ]
      }
    },
    {
      "type": "Feature",
      "properties": {
        "name": "VICENTE DE PAULO SANTOS SOUZA",
        "radius_km": 250.0,
        "Legenda_Raio": "Terceiros",
        "Tipo": "Terceiros",
        "GrupoRaio": "250km"
      },
      "geometry": {
        "type": "LineString",
        "coordinates": [
          [
            -48.493390380313,
            0.7909455937388568
          ],
          [
            -48.38308913448201,
            0.7882387268020193
          ],
          [
            -48.27305363412524,
            0.7801246575887186
          ],
          [
            -48.163548974541534,
            0.7666229646935183
          ],
          [
            -48.054838952553844,
            0.7477662251684168
          ],
          [
            -47.94718542194455,
            0.7235999337935809
          ],
          [
            -47.84084765446598,
            0.6941823904131823
          ],
          [
            -47.73608170822821,
            0.6595845556897046
          ],
          [
            -47.633139805220274,
            0.6198898757262298
          ],
          [
            -47.532269719664704,
            0.5751940760988304
          ],
          [
            -47.433714178839004,
            0.5256049259296784
          ],
          [
            -47.337710277924515,
            0.47124197271525475
          ],
          [
            -47.24448891036131,
            0.41223624870260844
          ],
          [
            -47.154274215102944,
            0.34872994967959264
          ],
          [
            -47.067283042072624,
            0.2808760871121184
          ],
          [
            -46.983724437030375,
            0.20883811462246804
          ],
          [
            -46.90379914696432,
            0.13278952985759213
          ],
          [
            -46.82769914702557,
            0.052913452844993436
          ],
          [
            -46.75560718993084,
            -0.03059781802352846
          ],
          [
            -46.68769637866577,
            -0.1175432712032187
          ],
          [
            -46.62412976323406,
            -0.20771366719449316
          ],
          [
            -46.56505996211307,
            -0.3008920424935535
          ],
          [
            -46.51062880899795,
            -0.39685423103995415
          ],
          [
            -46.46096702534451,
            -0.49536940188869827
          ],
          [
            -46.416193919153635,
            -0.5962006118213229
          ],
          [
            -46.3764171103811,
            -0.6991053716006018
          ],
          [
            -46.34173228330391,
            -0.8038362245663697
          ],
          [
            -46.31222296612817,
            -0.91014133626498
          ],
          [
            -46.28796033808364,
            -1.0177650938015532
          ],
          [
            -46.269003064217685,
            -1.1264487136018941
          ],
          [
            -46.25539715807272,
            -1.2359308562693192
          ],
          [
            -46.24717587240882,
            -1.3459482472201774
          ],
          [
            -46.24435961811399,
            -1.4562363017802344
          ],
          [
            -46.24695591142918,
            -1.5665297534219957
          ],
          [
            -46.25495934960058,
            -1.6765632838202897
          ],
          [
            -46.26835161505942,
            -1.7860721533998174
          ],
          [
            -46.28710150821669,
            -1.8947928310439195
          ],
          [
            -46.311165008944656,
            -2.002463621628466
          ],
          [
            -46.340485366801545,
            -2.1088252900387507
          ],
          [
            -46.3749932200344,
            -2.2136216803206916
          ],
          [
            -46.41460674337052,
            -2.3166003286108374
          ],
          [
            -46.45923182457722,
            -2.4175130684830113
          ],
          [
            -46.508762269733374,
            -2.5161166273433273
          ],
          [
            -46.56308003711165,
            -2.6121732125002386
          ],
          [
            -46.62205549951971,
            -2.705451085532858
          ],
          [
            -46.685547734889596,
            -2.7957251235794622
          ],
          [
            -46.753404844836965,
            -2.882777366169657
          ],
          [
            -46.82546430083726,
            -2.9663975462285284
          ],
          [
            -46.90155331758275,
            -3.046383603890033
          ],
          [
            -46.98148925299469,
            -3.1225421817704317
          ],
          [
            -47.065080034267304,
            -3.1946891003711926
          ],
          [
            -47.15212460921883,
            -3.2626498123052383
          ],
          [
            -47.242413422115774,
            -3.326259834070878
          ],
          [
            -47.33572891302673,
            -3.385365154134842
          ],
          [
            -47.43184603964724,
            -3.4398226161297063
          ],
          [
            -47.53053282042364,
            -3.4895002760219054
          ],
          [
            -47.631550897688214,
            -3.534277732164574
          ],
          [
            -47.73465611940756,
            -3.574046427214647
          ],
          [
            -47.83959913803604,
            -3.6087099209658042
          ],
          [
            -47.94612602486417,
            -3.638184133227852
          ],
          [
            -48.05397889815523,
            -3.6623975559684743
          ],
          [
            -48.16289656327489,
            -3.681291434024686
          ],
          [
            -48.27261516294128,
            -3.6948199137881
          ],
          [
            -48.382868835654854,
            -3.7029501593696286
          ],
          [
            -48.493390380313,
            -3.7056624358547965
          ],
          [
            -48.60391192497115,
            -3.7029501593696286
          ],
          [
            -48.714165597684726,
            -3.694819913788101
          ],
          [
            -48.823884197351106,
            -3.681291434024686
          ],
          [
            -48.932801862470775,
            -3.6623975559684743
          ],
          [
            -49.04065473576183,
            -3.638184133227852
          ],
          [
            -49.14718162258996,
            -3.6087099209658042
          ],
          [
            -49.252124641218444,
            -3.574046427214647
          ],
          [
            -49.35522986293779,
            -3.534277732164574
          ],
          [
            -49.45624794020237,
            -3.489500276021905
          ],
          [
            -49.554934720978764,
            -3.4398226161297067
          ],
          [
            -49.65105184759927,
            -3.3853651541348424
          ],
          [
            -49.74436733851023,
            -3.326259834070878
          ],
          [
            -49.83465615140717,
            -3.2626498123052383
          ],
          [
            -49.921700726358694,
            -3.1946891003711926
          ],
          [
            -50.00529150763131,
            -3.1225421817704317
          ],
          [
            -50.085227443043244,
            -3.0463836038900336
          ],
          [
            -50.16131645978874,
            -2.9663975462285284
          ],
          [
            -50.23337591578903,
            -2.882777366169659
          ],
          [
            -50.3012330257364,
            -2.7957251235794613
          ],
          [
            -50.364725261106294,
            -2.7054510855328577
          ],
          [
            -50.42370072351435,
            -2.612173212500239
          ],
          [
            -50.47801849089262,
            -2.5161166273433277
          ],
          [
            -50.52754893604878,
            -2.4175130684830126
          ],
          [
            -50.572174017255485,
            -2.316600328610837
          ],
          [
            -50.6117875405916,
            -2.2136216803206916
          ],
          [
            -50.64629539382446,
            -2.1088252900387507
          ],
          [
            -50.67561575168134,
            -2.0024636216284666
          ],
          [
            -50.69967925240931,
            -1.8947928310439206
          ],
          [
            -50.71842914556658,
            -1.786072153399817
          ],
          [
            -50.73182141102542,
            -1.6765632838202893
          ],
          [
            -50.739824849196815,
            -1.566529753421996
          ],
          [
            -50.74242114251201,
            -1.456236301780235
          ],
          [
            -50.73960488821718,
            -1.3459482472201787
          ],
          [
            -50.73138360255329,
            -1.23593085626932
          ],
          [
            -50.71777769640831,
            -1.126448713601894
          ],
          [
            -50.698820422542354,
            -1.0177650938015532
          ],
          [
            -50.67455779449784,
            -0.9101413362649804
          ],
          [
            -50.64504847732209,
            -0.8038362245663703
          ],
          [
            -50.610363650244906,
            -0.6991053716006028
          ],
          [
            -50.57058684147236,
            -0.5962006118213226
          ],
          [
            -50.52581373528149,
            -0.4953694018886985
          ],
          [
            -50.476151951628054,
            -0.39685423103995415
          ],
          [
            -50.421720798512936,
            -0.30089204249355367
          ],
          [
            -50.36265099739194,
            -0.20771366719449416
          ],
          [
            -50.299084381960235,
            -0.1175432712032181
          ],
          [
            -50.231173570695155,
            -0.03059781802352826
          ],
          [
            -50.159081613600435,
            0.052913452844993436
          ],
          [
            -50.08298161366169,
            0.1327895298575917
          ],
          [
            -50.00305632359563,
            0.20883811462246762
          ],
          [
            -49.91949771855338,
            0.2808760871121188
          ],
          [
            -49.83250654552305,
            0.34872994967959303
          ],
          [
            -49.74229185026469,
            0.41223624870260844
          ],
          [
            -49.64907048270149,
            0.47124197271525475
          ],
          [
            -49.55306658178699,
            0.5256049259296781
          ],
          [
            -49.4545110409613,
            0.57519407609883
          ],
          [
            -49.35364095540573,
            0.6198898757262302
          ],
          [
            -49.250699052397785,
            0.6595845556897046
          ],
          [
            -49.145933106160015,
            0.6941823904131823
          ],
          [
            -49.039595338681444,
            0.7235999337935809
          ],
          [
            -48.93194180807215,
            0.7477662251684165
          ],
          [
            -48.82323178608446,
            0.7666229646935183
          ],
          [
            -48.713727126500764,
            0.7801246575887186
          ],
          [
            -48.60369162614399,
            0.7882387268020193
          ],
          [
            -48.493390380313,
            0.7909455937388568
          ]
        ]
      }
    },
    {
      "type": "Feature",
      "properties": {
        "name": "JOSILBERTO DUARTE FERREIRA (PITA)",
        "radius_km": 250.0,
        "Legenda_Raio": "Terceiros",
        "Tipo": "Terceiros",
        "GrupoRaio": "250km"
      },
      "geometry": {
        "type": "LineString",
        "coordinates": [
          [
            -40.5035663179669,
            -7.181663677690862
          ],
          [
            -40.39240275113441,
            -7.184355703544904
          ],
          [
            -40.281502625837334,
            -7.192425391333376
          ],
          [
            -40.171128780488985,
            -7.2058535865800835
          ],
          [
            -40.061542848626786,
            -7.224608414602279
          ],
          [
            -39.953004659887114,
            -7.248645354543454
          ],
          [
            -39.84577164505683,
            -7.277907342753032
          ],
          [
            -39.740098246527594,
            -7.312324905249081
          ],
          [
            -39.63623533545461,
            -7.3518163189278845
          ],
          [
            -39.53442963688729,
            -7.39628780111445
          ],
          [
            -39.43492316410435,
            -7.445633726980774
          ],
          [
            -39.33795266334312,
            -7.499736874294694
          ],
          [
            -39.24374907006952,
            -7.558468694901488
          ],
          [
            -39.15253697788727,
            -7.621689612283336
          ],
          [
            -39.06453412113654,
            -7.689249344488487
          ],
          [
            -38.97995087218295,
            -7.760987251672573
          ],
          [
            -38.89898975434833,
            -7.836732707449029
          ],
          [
            -38.82184497138694,
            -7.916305493203747
          ],
          [
            -38.74870195436448,
            -7.999516214491137
          ],
          [
            -38.679736926753925,
            -8.086166738594086
          ],
          [
            -38.61511648852212,
            -8.176050652298901
          ],
          [
            -38.554997219944674,
            -8.26895373890784
          ],
          [
            -38.49952530585555,
            -8.364654473485704
          ],
          [
            -38.44883618101023,
            -8.462924535313086
          ],
          [
            -38.40305419721886,
            -8.563529336496643
          ],
          [
            -38.36229231288904,
            -8.666228565665646
          ],
          [
            -38.3266518056046,
            -8.7707767456639
          ],
          [
            -38.296222008358455,
            -8.87692380412623
          ],
          [
            -38.27108007005338,
            -8.98441565580879
          ],
          [
            -38.2512907408824,
            -9.092994795522033
          ],
          [
            -38.236906183203,
            -9.202400900494121
          ],
          [
            -38.22796580852069,
            -9.312371440970253
          ],
          [
            -38.224496141201364,
            -9.422642297830015
          ],
          [
            -38.22651070953468,
            -9.532948385979847
          ],
          [
            -38.23400996477092,
            -9.643024282251508
          ],
          [
            -38.24698122875199,
            -9.752604856509569
          ],
          [
            -38.265398670750365,
            -9.86142590464179
          ],
          [
            -38.28922331411778,
            -9.969224782076124
          ],
          [
            -38.31840307332578,
            -10.07574103643698
          ],
          [
            -38.35287282195382,
            -10.180717037921998
          ],
          [
            -38.392554492143,
            -10.28389860594915
          ],
          [
            -38.43735720598805,
            -10.385035630593428
          ],
          [
            -38.48717743928089,
            -10.483882687302883
          ],
          [
            -38.54189921795115,
            -10.580199643356371
          ],
          [
            -38.60139434746543,
            -10.67375225450099
          ],
          [
            -38.66552267535447,
            -10.764312750185864
          ],
          [
            -38.73413238692891,
            -10.851660405792662
          ],
          [
            -38.80706033412643,
            -10.93558210025171
          ],
          [
            -38.88413239730131,
            -11.015872857427421
          ],
          [
            -38.965163879625656,
            -11.092336369658444
          ],
          [
            -39.049959933619974,
            -11.164785501847106
          ],
          [
            -39.13831601916955,
            -11.23304277451059
          ],
          [
            -39.23001839221557,
            -11.296940824232683
          ],
          [
            -39.324844623137416,
            -11.356322839991025
          ],
          [
            -39.42256414366525,
            -11.411042973880763
          ],
          [
            -39.52293882098495,
            -11.46096672481132
          ],
          [
            -39.6257235575212,
            -11.505971293819323
          ],
          [
            -39.73066691471054,
            -11.54594590971708
          ],
          [
            -39.837511758910466,
            -11.580792123882306
          ],
          [
            -39.945995927430225,
            -11.610424073090979
          ],
          [
            -40.05585291252214,
            -11.63476870940024
          ],
          [
            -40.16681256103627,
            -11.653765996202036
          ],
          [
            -40.27860178732112,
            -11.667369069689581
          ],
          [
            -40.3909452968499,
            -11.67554436510675
          ],
          [
            -40.5035663179669,
            -11.678271707284516
          ],
          [
            -40.6161873390839,
            -11.67554436510675
          ],
          [
            -40.72853084861268,
            -11.667369069689581
          ],
          [
            -40.840320074897534,
            -11.653765996202036
          ],
          [
            -40.95127972341166,
            -11.63476870940024
          ],
          [
            -41.06113670850357,
            -11.610424073090979
          ],
          [
            -41.169620877023334,
            -11.580792123882306
          ],
          [
            -41.27646572122326,
            -11.54594590971708
          ],
          [
            -41.3814090784126,
            -11.505971293819323
          ],
          [
            -41.484193814948846,
            -11.46096672481132
          ],
          [
            -41.58456849226855,
            -11.411042973880763
          ],
          [
            -41.68228801279638,
            -11.356322839991025
          ],
          [
            -41.77711424371823,
            -11.296940824232681
          ],
          [
            -41.86881661676425,
            -11.233042774510592
          ],
          [
            -41.95717270231383,
            -11.164785501847106
          ],
          [
            -42.041968756308144,
            -11.092336369658446
          ],
          [
            -42.12300023863249,
            -11.015872857427423
          ],
          [
            -42.20007230180736,
            -10.93558210025171
          ],
          [
            -42.27300024900489,
            -10.851660405792664
          ],
          [
            -42.34160996057933,
            -10.764312750185864
          ],
          [
            -42.40573828846837,
            -10.67375225450099
          ],
          [
            -42.46523341798265,
            -10.580199643356371
          ],
          [
            -42.51995519665291,
            -10.483882687302883
          ],
          [
            -42.56977542994575,
            -10.38503563059343
          ],
          [
            -42.614578143790794,
            -10.283898605949148
          ],
          [
            -42.654259813979984,
            -10.180717037921998
          ],
          [
            -42.68872956260802,
            -10.07574103643698
          ],
          [
            -42.717909321816016,
            -9.969224782076124
          ],
          [
            -42.741733965183435,
            -9.861425904641791
          ],
          [
            -42.76015140718181,
            -9.752604856509567
          ],
          [
            -42.77312267116288,
            -9.643024282251506
          ],
          [
            -42.780621926399114,
            -9.532948385979847
          ],
          [
            -42.78263649473243,
            -9.422642297830015
          ],
          [
            -42.7791668274131,
            -9.312371440970255
          ],
          [
            -42.7702264527308,
            -9.202400900494121
          ],
          [
            -42.7558418950514,
            -9.092994795522033
          ],
          [
            -42.73605256588042,
            -8.98441565580879
          ],
          [
            -42.710910627575345,
            -8.876923804126232
          ],
          [
            -42.6804808303292,
            -8.7707767456639
          ],
          [
            -42.64484032304476,
            -8.666228565665646
          ],
          [
            -42.604078438714936,
            -8.563529336496643
          ],
          [
            -42.55829645492357,
            -8.462924535313086
          ],
          [
            -42.50760733007825,
            -8.364654473485704
          ],
          [
            -42.452135415989126,
            -8.26895373890784
          ],
          [
            -42.39201614741168,
            -8.176050652298901
          ],
          [
            -42.327395709179875,
            -8.086166738594084
          ],
          [
            -42.25843068156932,
            -7.999516214491137
          ],
          [
            -42.18528766454686,
            -7.916305493203747
          ],
          [
            -42.108142881585465,
            -7.83673270744903
          ],
          [
            -42.027181763750846,
            -7.760987251672574
          ],
          [
            -41.94259851479726,
            -7.689249344488487
          ],
          [
            -41.85459565804653,
            -7.621689612283336
          ],
          [
            -41.76338356586428,
            -7.558468694901488
          ],
          [
            -41.66917997259068,
            -7.499736874294694
          ],
          [
            -41.57220947182945,
            -7.445633726980774
          ],
          [
            -41.47270299904651,
            -7.39628780111445
          ],
          [
            -41.37089730047919,
            -7.3518163189278845
          ],
          [
            -41.267034389406206,
            -7.312324905249081
          ],
          [
            -41.16136099087697,
            -7.277907342753032
          ],
          [
            -41.054127976046686,
            -7.248645354543454
          ],
          [
            -40.945589787307036,
            -7.224608414602279
          ],
          [
            -40.836003855444815,
            -7.2058535865800835
          ],
          [
            -40.72563001009647,
            -7.192425391333376
          ],
          [
            -40.61472988479939,
            -7.184355703544904
          ],
          [
            -40.5035663179669,
            -7.181663677690862
          ]
        ]
      }
    }
  ]
}